asin,demand,constraint,submitted,confirmed,received,week
96ED254810,1.0,0.0,2.0,2.0,2.0,w1
5D4BB99062,1.0,0.0,2.0,2.0,2.0,w1
D110D90EC5,2.0,0.0,3.0,3.0,4.0,w1
6F26736167,1.0,0.0,3.0,3.0,3.0,w1
15A5544F03,2.0,1.0,2.0,2.0,2.0,w1
0F5210FABA,1.0,1.0,1.0,1.0,1.0,w1
94E60BC3FB,0.0,2.0,-1.0,-1.0,1.0,w1
5F8EE5B475,1.0,1.0,1.0,1.0,1.0,w1
1D676632CF,2.0,0.0,3.0,3.0,3.0,w1
BBA1592569,1.0,3.0,-1.0,-1.0,-1.0,w1
6D2A3C1736,1.0,0.0,1.0,1.0,1.0,w1
6F59A0C8F6,2.0,2.0,0.0,0.0,0.0,w1
05BF995189,2.0,0.0,2.0,2.0,2.0,w1
6B0AFF7D4E,3.0,0.0,4.0,4.0,4.0,w1
D480B651A0,2.0,1.0,1.0,1.0,2.0,w1
40C001AEF2,3.0,0.0,4.0,4.0,4.0,w1
BA851DB6E8,1.0,2.0,1.0,1.0,1.0,w1
BFB5DF5E05,4.0,3.0,1.0,1.0,1.0,w1
E9BF64A9C7,2.0,0.0,3.0,3.0,3.0,w1
F64C97803C,2.0,0.0,1.0,1.0,1.0,w1
8EA17DE698,3.0,2.0,3.0,3.0,3.0,w1
9AAD56D4B0,1.0,0.0,2.0,2.0,2.0,w1
853582C262,3.0,1.0,4.0,4.0,4.0,w1
558FC7472B,2.0,0.0,2.0,2.0,2.0,w1
238CEF9DCF,2.0,0.0,4.0,4.0,4.0,w1
E8F490B011,2.0,1.0,2.0,2.0,2.0,w1
96B9B3C865,1.0,1.0,1.0,1.0,1.0,w1
BDD19AD00C,1.0,2.0,-0.0,-0.0,-0.0,w1
80D56C8E2B,1.0,0.0,1.0,1.0,1.0,w1
C2533B76BC,2.0,0.0,2.0,2.0,3.0,w1
C40FC40065,4.0,1.0,6.0,6.0,6.0,w1
F96F267621,1.0,0.0,2.0,2.0,2.0,w1
58A221A069,2.0,1.0,1.0,1.0,1.0,w1
C4B0FF6F35,3.0,1.0,2.0,2.0,3.0,w1
0B42BF2AD4,0.0,1.0,1.0,1.0,1.0,w1
A4F0A58674,4.0,2.0,2.0,2.0,2.0,w1
DC5B843CEE,2.0,1.0,1.0,1.0,1.0,w1
3942EE42E2,0.0,1.0,0.0,0.0,0.0,w1
4A8786238F,5.0,0.0,4.0,4.0,4.0,w1
A0AFADE6DB,2.0,0.0,3.0,3.0,3.0,w1
2ADB0FF67E,3.0,1.0,2.0,2.0,4.0,w1
AFF722E36C,3.0,5.0,-2.0,-2.0,-2.0,w1
6ABF2F0DFA,0.0,1.0,0.0,0.0,0.0,w1
8C0D68E92C,4.0,1.0,5.0,5.0,5.0,w1
1213BE7F14,3.0,1.0,3.0,3.0,3.0,w1
878C1756DD,3.0,0.0,5.0,5.0,5.0,w1
88929EF7FA,3.0,0.0,3.0,3.0,3.0,w1
2387227E75,1.0,3.0,0.0,0.0,0.0,w1
47E00662BC,1.0,1.0,1.0,1.0,1.0,w1
9115D23F2C,1.0,0.0,1.0,1.0,1.0,w1
10C6922983,1.0,1.0,0.0,1.0,2.0,w1
306C1077C3,2.0,1.0,1.0,1.0,1.0,w1
B2DA86B460,4.0,0.0,4.0,4.0,4.0,w1
8C34F52A9B,2.0,1.0,2.0,2.0,2.0,w1
A9837D205F,1.0,2.0,-1.0,-1.0,-1.0,w1
F1C3D49CAC,4.0,3.0,2.0,2.0,3.0,w1
26698D4115,1.0,1.0,1.0,2.0,2.0,w1
872714F2A7,1.0,0.0,4.0,4.0,4.0,w1
859D0B4E9D,2.0,0.0,2.0,2.0,3.0,w1
8C05043117,3.0,1.0,4.0,6.0,6.0,w1
46564519B0,1.0,0.0,4.0,4.0,4.0,w1
E202825749,1.0,0.0,1.0,1.0,1.0,w1
D41075660D,1.0,0.0,1.0,1.0,1.0,w1
FA280EF662,1.0,0.0,1.0,1.0,1.0,w1
AEDCDA65C2,1.0,0.0,2.0,2.0,2.0,w1
BA2280A076,0.0,0.0,3.0,3.0,3.0,w1
1666B074BE,2.0,0.0,5.0,5.0,5.0,w1
78F7455ED5,3.0,1.0,3.0,3.0,3.0,w1
A1DC7B17FB,3.0,1.0,4.0,4.0,4.0,w1
D78948155A,8.0,0.0,8.0,9.0,9.0,w1
FE1033AAE2,0.0,1.0,-0.0,0.0,0.0,w1
118F013062,0.0,1.0,0.0,0.0,0.0,w1
60C18F9B76,4.0,1.0,3.0,3.0,3.0,w1
A6B68DD7D6,1.0,1.0,1.0,1.0,1.0,w1
5433CBB6B0,2.0,0.0,2.0,2.0,2.0,w1
43A8EC200E,1.0,0.0,4.0,4.0,4.0,w1
E111B37CC4,1.0,0.0,6.0,6.0,6.0,w1
AB0D91B3D5,2.0,1.0,1.0,1.0,1.0,w1
3D2C4A252E,4.0,0.0,4.0,4.0,4.0,w1
2DA666E4A4,1.0,0.0,2.0,2.0,2.0,w1
4CE2CDE567,3.0,1.0,3.0,3.0,3.0,w1
358EBB543F,1.0,1.0,-0.0,-0.0,-0.0,w1
24BCD31683,1.0,1.0,1.0,1.0,1.0,w1
83904BC036,0.0,0.0,2.0,2.0,2.0,w1
D3CF19179D,2.0,2.0,2.0,2.0,2.0,w1
274CA732D5,2.0,0.0,3.0,3.0,3.0,w1
57B8430C5E,2.0,1.0,1.0,1.0,1.0,w1
2C00CE8903,1.0,2.0,0.0,1.0,1.0,w1
D6E7AF6D92,1.0,1.0,1.0,1.0,1.0,w1
ED973C7B4D,2.0,1.0,1.0,1.0,1.0,w1
C7B3114A81,2.0,0.0,3.0,4.0,4.0,w1
3622212566,5.0,5.0,0.0,0.0,0.0,w1
DC2C5C55CE,2.0,0.0,3.0,3.0,3.0,w1
F8103FA67D,4.0,0.0,4.0,4.0,4.0,w1
BC2D71C2DB,0.0,3.0,1.0,1.0,1.0,w1
965BE59576,2.0,3.0,-0.0,-0.0,-0.0,w1
1CFE12C4CC,3.0,0.0,3.0,3.0,3.0,w1
A1156E6E1D,3.0,0.0,2.0,2.0,2.0,w1
05B8FE0143,3.0,0.0,7.0,7.0,7.0,w1
00BA60684C,2.0,1.0,3.0,3.0,3.0,w1
8F068726B6,1.0,1.0,1.0,1.0,1.0,w1
7FD1676291,4.0,0.0,4.0,4.0,4.0,w1
B8BBD64DFD,1.0,1.0,2.0,2.0,2.0,w1
C4F5D9F934,0.0,1.0,1.0,1.0,1.0,w1
FCB092CB0B,7.0,4.0,5.0,5.0,5.0,w1
1A3FF17B78,4.0,0.0,5.0,5.0,5.0,w1
F4474DC476,3.0,1.0,3.0,3.0,3.0,w1
B81563CC52,4.0,0.0,5.0,5.0,5.0,w1
F1F999B5B6,1.0,0.0,2.0,2.0,2.0,w1
16253EA1A9,2.0,0.0,2.0,2.0,2.0,w1
0FA61CA81F,4.0,0.0,4.0,4.0,4.0,w1
D2F7F25D7E,1.0,2.0,2.0,2.0,3.0,w1
AE148D8038,2.0,1.0,2.0,2.0,2.0,w1
4DC217F08C,3.0,2.0,2.0,2.0,2.0,w1
5497F2B46C,3.0,1.0,4.0,4.0,4.0,w1
18DC3B0150,6.0,2.0,6.0,6.0,6.0,w1
A5265807FE,1.0,0.0,1.0,2.0,2.0,w1
FE4FDEA48B,2.0,0.0,3.0,3.0,3.0,w1
2CC80E8DFB,3.0,6.0,-3.0,-3.0,-3.0,w1
032E93BBA5,1.0,3.0,-1.0,-1.0,-1.0,w1
38AAD9B171,4.0,0.0,5.0,6.0,6.0,w1
0FEDAD6C6D,0.0,1.0,1.0,1.0,1.0,w1
0A5FE5EBCD,1.0,0.0,1.0,1.0,1.0,w1
85D0213FA6,2.0,0.0,2.0,2.0,2.0,w1
280B552E8A,1.0,0.0,1.0,2.0,3.0,w1
CA9845B193,2.0,2.0,1.0,1.0,1.0,w1
E6476688A4,2.0,0.0,2.0,2.0,2.0,w1
88CD1EA6F2,3.0,0.0,4.0,4.0,4.0,w1
D32270B1CD,1.0,1.0,1.0,2.0,2.0,w1
1FA331AD4C,1.0,0.0,1.0,2.0,2.0,w1
D9BB8A2C93,2.0,0.0,5.0,5.0,5.0,w1
FD6D574D33,3.0,0.0,4.0,4.0,4.0,w1
8A2631546B,2.0,1.0,1.0,1.0,1.0,w1
59E22A0CDC,1.0,3.0,-0.0,0.0,0.0,w1
D10ABD6856,4.0,2.0,3.0,4.0,4.0,w1
87C8FE4049,2.0,2.0,1.0,1.0,1.0,w1
09806EB40C,1.0,0.0,4.0,4.0,4.0,w1
6A7C90FAA8,3.0,0.0,5.0,7.0,7.0,w1
B5038B7883,2.0,1.0,3.0,3.0,3.0,w1
39B5654D8E,1.0,0.0,1.0,1.0,1.0,w1
45990E9049,2.0,0.0,3.0,3.0,3.0,w1
5305B6031A,1.0,2.0,-1.0,-0.0,-0.0,w1
7E36F91E14,2.0,0.0,3.0,3.0,3.0,w1
B278BF3017,0.0,0.0,0.0,0.0,0.0,w1
3ACB4B9AF6,1.0,0.0,1.0,1.0,1.0,w1
02BFE21DB0,3.0,0.0,3.0,3.0,3.0,w1
CC38A4A8BE,3.0,2.0,2.0,2.0,2.0,w1
D0B1DDB36E,0.0,2.0,-1.0,-1.0,-1.0,w1
2216430297,2.0,0.0,2.0,2.0,2.0,w1
E6D48105F1,4.0,0.0,5.0,5.0,5.0,w1
783221620C,0.0,0.0,1.0,1.0,1.0,w1
C5FF12198C,2.0,2.0,4.0,4.0,4.0,w1
F97C7C8DFC,1.0,0.0,1.0,1.0,1.0,w1
C1ED865FB5,3.0,2.0,1.0,1.0,1.0,w1
594C02E71B,4.0,1.0,4.0,4.0,4.0,w1
C60EB1483D,9.0,0.0,10.0,10.0,10.0,w1
8F12BCADE1,0.0,2.0,1.0,1.0,1.0,w1
0E214B5F16,1.0,0.0,1.0,1.0,1.0,w1
5505303CDF,0.0,0.0,1.0,1.0,1.0,w1
D2DFC27FD8,1.0,1.0,2.0,2.0,2.0,w1
1E4134982F,2.0,3.0,1.0,1.0,1.0,w1
2AEAB784A5,3.0,2.0,1.0,1.0,1.0,w1
B6F63B2869,1.0,1.0,1.0,1.0,1.0,w1
3E5C26E8EE,0.0,0.0,0.0,0.0,0.0,w1
FA8F78BDD9,3.0,3.0,0.0,0.0,0.0,w1
51001750EF,5.0,0.0,5.0,5.0,5.0,w1
FE1742E64D,0.0,0.0,4.0,4.0,4.0,w1
79520861E0,1.0,1.0,1.0,1.0,1.0,w1
C7E533D281,3.0,3.0,2.0,2.0,2.0,w1
668C1E26B8,2.0,0.0,3.0,3.0,3.0,w1
7075C4A089,0.0,0.0,3.0,3.0,3.0,w1
0B950C411D,2.0,3.0,0.0,0.0,0.0,w1
7E5AD6064A,4.0,1.0,3.0,3.0,3.0,w1
A98EE05E00,3.0,1.0,2.0,2.0,2.0,w1
203A256268,1.0,1.0,1.0,1.0,1.0,w1
15E7C77754,0.0,3.0,-1.0,-1.0,-1.0,w1
93AC3BE4FC,0.0,0.0,1.0,1.0,1.0,w1
B90C8A8820,5.0,1.0,5.0,5.0,5.0,w1
B6FFB609C3,0.0,0.0,3.0,3.0,3.0,w1
9A23C6EC3E,0.0,0.0,2.0,2.0,2.0,w1
D173CAB434,1.0,0.0,3.0,3.0,3.0,w1
53CB146E32,3.0,0.0,3.0,3.0,4.0,w1
43B0C373A0,0.0,2.0,-1.0,-1.0,-1.0,w1
DDF8D3555B,3.0,1.0,3.0,3.0,3.0,w1
25D3192FB2,4.0,2.0,1.0,1.0,1.0,w1
3626FB51BA,0.0,1.0,1.0,1.0,1.0,w1
0BDFF63326,0.0,0.0,0.0,0.0,1.0,w1
6CE48B3077,2.0,1.0,1.0,2.0,2.0,w1
BF920FB092,1.0,6.0,-5.0,-5.0,-5.0,w1
8D8F8511D7,2.0,1.0,2.0,2.0,2.0,w1
C3974FAAC1,3.0,0.0,3.0,4.0,4.0,w1
4F9221450E,0.0,1.0,0.0,0.0,0.0,w1
A6E9395F60,1.0,0.0,1.0,1.0,1.0,w1
4B1C204DE7,9.0,1.0,11.0,11.0,11.0,w1
456BB0D442,2.0,1.0,4.0,4.0,4.0,w1
EB413FB888,1.0,4.0,-2.0,-2.0,-2.0,w1
E825F50499,2.0,3.0,-1.0,-1.0,-1.0,w1
FF1CBA25C0,3.0,1.0,2.0,2.0,2.0,w1
30DF59DD66,2.0,0.0,2.0,2.0,2.0,w1
B536A48D54,1.0,2.0,-1.0,-1.0,-1.0,w1
67191505FA,1.0,0.0,3.0,3.0,3.0,w1
A9A8639D34,2.0,1.0,5.0,5.0,5.0,w1
153BA45E5F,2.0,2.0,-0.0,-0.0,-0.0,w1
0F6CC971C8,2.0,2.0,0.0,1.0,1.0,w1
2B0D034063,2.0,0.0,2.0,2.0,2.0,w1
B8619A5FC4,0.0,0.0,0.0,0.0,0.0,w1
F1AD749692,5.0,1.0,4.0,4.0,4.0,w1
86F459E991,3.0,0.0,3.0,3.0,3.0,w1
AABF6EF352,1.0,0.0,1.0,1.0,1.0,w1
BE8206BCAF,1.0,0.0,2.0,2.0,2.0,w1
112B104283,1.0,2.0,-0.0,0.0,0.0,w1
B55EC11A17,1.0,1.0,0.0,0.0,0.0,w1
CBC72A2F41,2.0,0.0,3.0,4.0,4.0,w1
B3093C015D,2.0,2.0,1.0,1.0,1.0,w1
49451734F2,3.0,0.0,3.0,3.0,3.0,w1
AF12C8A1B0,1.0,1.0,1.0,1.0,1.0,w1
D6A4EE22D7,0.0,1.0,0.0,0.0,0.0,w1
A5A11987CC,1.0,0.0,1.0,1.0,2.0,w1
18C1DFEE42,7.0,1.0,7.0,7.0,7.0,w1
607FB0BB3A,3.0,1.0,7.0,7.0,7.0,w1
521D50EC14,3.0,0.0,3.0,4.0,4.0,w1
3B3C520876,2.0,0.0,2.0,2.0,2.0,w1
EDCBD867E2,1.0,0.0,1.0,1.0,1.0,w1
B314A59A08,3.0,3.0,0.0,0.0,1.0,w1
7554431055,1.0,1.0,3.0,4.0,4.0,w1
56C8AE65CF,1.0,0.0,2.0,3.0,3.0,w1
DDF99DFC30,1.0,1.0,4.0,4.0,4.0,w1
F7EB7E9D25,1.0,2.0,0.0,0.0,0.0,w1
2681850634,1.0,1.0,-0.0,-0.0,-0.0,w1
3B7247B7A9,3.0,1.0,2.0,2.0,2.0,w1
BDCCF20A7C,2.0,1.0,1.0,1.0,3.0,w1
50F513B6A1,2.0,1.0,1.0,1.0,1.0,w1
3676C5F82E,1.0,0.0,2.0,2.0,2.0,w1
443D35319F,1.0,0.0,3.0,3.0,3.0,w1
56D6D270CE,1.0,1.0,0.0,0.0,0.0,w1
B8C8ECAA09,2.0,1.0,4.0,4.0,4.0,w1
F7B0D34B01,3.0,1.0,8.0,8.0,8.0,w1
97BA5883E3,3.0,1.0,4.0,4.0,4.0,w1
1BCCD5F2C1,3.0,0.0,3.0,3.0,3.0,w1
1F278199B3,3.0,1.0,3.0,3.0,3.0,w1
9E83C7D0AE,1.0,2.0,1.0,1.0,2.0,w1
63F4978352,1.0,3.0,-2.0,-2.0,-2.0,w1
69D26652BF,1.0,1.0,1.0,1.0,1.0,w1
451A1DB018,1.0,0.0,0.0,0.0,0.0,w1
55E896BC17,3.0,0.0,3.0,3.0,3.0,w1
046966CA9B,1.0,0.0,1.0,1.0,1.0,w1
DA348B643D,1.0,2.0,2.0,2.0,2.0,w1
6029F3D227,0.0,2.0,1.0,1.0,1.0,w1
871F80BB68,1.0,2.0,-0.0,-0.0,-0.0,w1
034F33BAAB,2.0,1.0,1.0,1.0,2.0,w1
6651596DE7,1.0,1.0,1.0,3.0,3.0,w1
D8694F33A0,0.0,0.0,0.0,0.0,0.0,w1
F8CFA81457,6.0,1.0,8.0,8.0,8.0,w1
09D202699F,1.0,2.0,-0.0,0.0,0.0,w1
A4954BC2F6,6.0,1.0,5.0,5.0,5.0,w1
6A947EA2E1,3.0,0.0,4.0,4.0,4.0,w1
1D8A550CA7,2.0,1.0,3.0,4.0,4.0,w1
059C8AD017,0.0,0.0,3.0,3.0,4.0,w1
3C536B5F14,2.0,1.0,1.0,1.0,1.0,w1
07719F75D6,1.0,0.0,2.0,2.0,2.0,w1
0BA5F5B155,1.0,1.0,-0.0,-0.0,0.0,w1
578F4E9AF2,1.0,1.0,1.0,1.0,1.0,w1
4E426C092B,1.0,2.0,-0.0,-0.0,-0.0,w1
7EC72C0065,1.0,0.0,2.0,3.0,3.0,w1
CDD271E2D0,3.0,3.0,1.0,1.0,1.0,w1
004DC050EA,2.0,0.0,2.0,2.0,3.0,w1
C9BF975B83,1.0,0.0,2.0,2.0,2.0,w1
65E00B1656,2.0,1.0,2.0,2.0,2.0,w1
D6EA5E485D,2.0,0.0,2.0,2.0,2.0,w1
AD6C7FFC87,4.0,0.0,6.0,6.0,6.0,w1
FD00266C8F,2.0,0.0,2.0,2.0,2.0,w1
0DA39CD09F,4.0,0.0,3.0,3.0,3.0,w1
7AF2F637A1,2.0,0.0,3.0,3.0,3.0,w1
B483F17B73,1.0,0.0,1.0,1.0,1.0,w1
EA2607F207,1.0,0.0,2.0,2.0,3.0,w1
1CFB648059,1.0,0.0,2.0,2.0,2.0,w1
BB573DDE78,2.0,1.0,1.0,1.0,1.0,w1
A796C8229B,2.0,1.0,1.0,1.0,1.0,w1
A2680236EB,2.0,3.0,-0.0,-0.0,-0.0,w1
730E3C89A6,1.0,1.0,2.0,3.0,3.0,w1
C07E7DDE7F,1.0,1.0,2.0,2.0,2.0,w1
863EF0E595,2.0,2.0,2.0,2.0,2.0,w1
A1F8F2B97E,1.0,0.0,2.0,2.0,2.0,w1
C57B648ECA,2.0,0.0,3.0,3.0,3.0,w1
FCDE4F8BF0,4.0,2.0,3.0,3.0,6.0,w1
9EF0D1D133,2.0,2.0,1.0,2.0,2.0,w1
4B2982177D,2.0,0.0,2.0,2.0,2.0,w1
56AA3EAFC8,1.0,3.0,-1.0,-1.0,-1.0,w1
1B28850099,0.0,1.0,0.0,0.0,0.0,w1
AD65B1AA3A,1.0,5.0,-2.0,-2.0,-2.0,w1
F46D72CDF8,2.0,2.0,1.0,1.0,2.0,w1
6EEB0627AA,2.0,0.0,3.0,3.0,3.0,w1
17CF68E73E,1.0,0.0,2.0,2.0,2.0,w1
D066A292E1,1.0,1.0,1.0,2.0,2.0,w1
CDB10EB262,1.0,1.0,2.0,2.0,2.0,w1
0F43C1FFBC,2.0,1.0,2.0,2.0,2.0,w1
00BADBC3BF,3.0,1.0,4.0,4.0,6.0,w1
8A792F1FAF,1.0,1.0,2.0,2.0,2.0,w1
48379B4B3D,0.0,1.0,-0.0,-0.0,-0.0,w1
D78367AABB,1.0,1.0,2.0,2.0,2.0,w1
33F1DAC940,1.0,0.0,1.0,1.0,2.0,w1
D03FFE9A5C,2.0,2.0,1.0,1.0,1.0,w1
40B3EC428A,1.0,1.0,1.0,4.0,4.0,w1
557C353DA2,0.0,0.0,0.0,0.0,1.0,w1
3CE7A8D9BB,2.0,0.0,3.0,3.0,3.0,w1
C093838FCE,4.0,0.0,5.0,5.0,5.0,w1
7D194B345B,1.0,1.0,-0.0,-0.0,-0.0,w1
A276B8ABFE,2.0,0.0,2.0,2.0,2.0,w1
675CC0ED76,1.0,2.0,-0.0,-0.0,-0.0,w1
E047830375,2.0,0.0,2.0,2.0,2.0,w1
FDD78C29E4,2.0,2.0,2.0,2.0,2.0,w1
9870C9854F,3.0,0.0,4.0,6.0,6.0,w1
56414279A7,2.0,0.0,4.0,4.0,4.0,w1
26F845C6EB,3.0,1.0,4.0,4.0,4.0,w1
2720EA097A,1.0,1.0,1.0,1.0,1.0,w1
122EF48791,0.0,2.0,-1.0,-1.0,-0.0,w1
DCACDCB0C8,1.0,0.0,2.0,2.0,2.0,w1
6B8F7E3117,1.0,1.0,0.0,0.0,1.0,w1
7EA543C516,2.0,2.0,2.0,2.0,2.0,w1
CF106AAFD9,0.0,0.0,2.0,2.0,2.0,w1
04330E3D76,3.0,0.0,4.0,4.0,4.0,w1
C12C651F36,4.0,1.0,4.0,4.0,4.0,w1
1D10CC1FA9,3.0,2.0,2.0,2.0,2.0,w1
347C1E62A6,1.0,0.0,0.0,1.0,1.0,w1
CB1A97156F,7.0,1.0,7.0,7.0,7.0,w1
B65037E661,1.0,1.0,3.0,3.0,3.0,w1
E2888B33A3,1.0,1.0,3.0,3.0,3.0,w1
C41BF9548B,2.0,1.0,7.0,7.0,8.0,w1
3E21569E72,3.0,0.0,3.0,3.0,3.0,w1
D0F0E75308,1.0,1.0,2.0,2.0,2.0,w1
46DFDE0050,1.0,0.0,4.0,4.0,4.0,w1
29B50AE06D,2.0,1.0,4.0,4.0,4.0,w1
8FBD0181D0,6.0,2.0,4.0,5.0,5.0,w1
2C5754F3F1,4.0,2.0,3.0,3.0,3.0,w1
BBC61D52FE,1.0,0.0,1.0,1.0,1.0,w1
0287512847,2.0,0.0,2.0,2.0,2.0,w1
973ABDA3AA,2.0,0.0,2.0,2.0,2.0,w1
925BD17908,2.0,2.0,1.0,1.0,1.0,w1
C084477125,5.0,0.0,5.0,5.0,10.0,w1
4633F3DC40,1.0,1.0,-0.0,-0.0,0.0,w1
692D1A5160,0.0,2.0,-1.0,-1.0,-1.0,w1
0F589A4FD9,2.0,2.0,1.0,1.0,1.0,w1
291D729374,1.0,1.0,1.0,1.0,1.0,w1
2843157F69,1.0,2.0,0.0,0.0,0.0,w1
73BC9F26A0,1.0,0.0,1.0,1.0,1.0,w1
587431D0B3,1.0,1.0,1.0,1.0,1.0,w1
1F88F78641,5.0,0.0,7.0,7.0,8.0,w1
1828A305A5,1.0,0.0,1.0,1.0,1.0,w1
EBF85B014C,2.0,1.0,1.0,1.0,1.0,w1
0707647826,1.0,0.0,0.0,0.0,0.0,w1
F5484FEFA7,4.0,1.0,6.0,6.0,6.0,w1
02C935CB41,1.0,1.0,1.0,1.0,1.0,w1
7101D5780B,3.0,0.0,3.0,3.0,3.0,w1
D8BB9B1E6C,2.0,0.0,2.0,2.0,2.0,w1
C64BA78AFA,0.0,1.0,0.0,0.0,0.0,w1
CCF49F5499,1.0,0.0,2.0,2.0,2.0,w1
D4523B3144,1.0,0.0,0.0,0.0,1.0,w1
74EDB142E4,1.0,1.0,0.0,0.0,0.0,w1
5D871B9E61,4.0,0.0,4.0,4.0,4.0,w1
5BCA671076,1.0,0.0,1.0,1.0,1.0,w1
7BA42E80FD,1.0,0.0,1.0,1.0,1.0,w1
05D963F703,1.0,2.0,0.0,0.0,0.0,w1
2025D5032B,2.0,0.0,3.0,3.0,3.0,w1
30CB376D9F,2.0,1.0,1.0,1.0,1.0,w1
6D9E3F2FE9,0.0,2.0,-1.0,-1.0,-1.0,w1
0F9FA0AF51,2.0,1.0,3.0,3.0,3.0,w1
535D4DCDC7,2.0,1.0,1.0,2.0,2.0,w1
DA0FB3B3BF,4.0,2.0,3.0,3.0,3.0,w1
55FAE9E0A6,1.0,1.0,0.0,0.0,0.0,w1
8CED495537,4.0,4.0,1.0,1.0,1.0,w1
2FCE234897,2.0,0.0,2.0,2.0,2.0,w1
74C89B30F7,3.0,2.0,1.0,1.0,1.0,w1
7C5EA35FB4,1.0,2.0,-1.0,-1.0,-1.0,w1
CED73F9973,2.0,1.0,1.0,1.0,1.0,w1
BBEA3D7E05,1.0,1.0,0.0,0.0,0.0,w1
CB4A97A718,2.0,1.0,1.0,1.0,1.0,w1
71D612FAFD,2.0,2.0,2.0,2.0,2.0,w1
CD18132B7B,2.0,1.0,2.0,2.0,2.0,w1
E9411C0C30,3.0,2.0,1.0,1.0,1.0,w1
79B93F91A9,2.0,0.0,3.0,3.0,3.0,w1
6E143F21BE,1.0,2.0,-1.0,-1.0,-1.0,w1
1F3B657229,1.0,1.0,2.0,2.0,2.0,w1
6DD1F22309,1.0,0.0,2.0,2.0,4.0,w1
B8A609EFD7,2.0,0.0,3.0,3.0,3.0,w1
11F22F3748,2.0,1.0,1.0,1.0,1.0,w1
3A8E430EE3,1.0,0.0,1.0,1.0,1.0,w1
C3E1386F69,1.0,0.0,0.0,0.0,0.0,w1
5B8344975F,1.0,1.0,1.0,1.0,1.0,w1
FCE4333CE2,1.0,0.0,2.0,2.0,2.0,w1
D0817E1B9F,1.0,1.0,2.0,2.0,2.0,w1
031B45EAA2,2.0,1.0,1.0,1.0,1.0,w1
9324A0E300,1.0,1.0,2.0,2.0,2.0,w1
EDD49E78AA,1.0,1.0,0.0,1.0,1.0,w1
5C964DD98C,1.0,0.0,1.0,1.0,1.0,w1
DDCC6D2546,0.0,8.0,-7.0,-7.0,-6.0,w1
308EEE66F6,1.0,0.0,2.0,2.0,2.0,w1
84BC7657B3,2.0,0.0,2.0,2.0,2.0,w1
F8C6A650D8,1.0,2.0,-1.0,-1.0,-1.0,w1
A346D01BD1,2.0,1.0,2.0,2.0,2.0,w1
3DD64E4D00,1.0,0.0,2.0,2.0,2.0,w1
43C3199B43,2.0,1.0,1.0,1.0,1.0,w1
6C3A69CA98,1.0,1.0,2.0,2.0,2.0,w1
E915F33227,5.0,1.0,6.0,6.0,6.0,w1
5DF69B4822,1.0,4.0,-3.0,-3.0,-2.0,w1
D62B0B71B5,1.0,2.0,0.0,0.0,0.0,w1
452F9AA1EC,1.0,1.0,1.0,1.0,1.0,w1
F8490E6F46,3.0,0.0,4.0,4.0,4.0,w1
A589BFE6B0,0.0,0.0,1.0,1.0,1.0,w1
CA825109BE,2.0,0.0,4.0,4.0,4.0,w1
12B6402082,1.0,0.0,1.0,1.0,1.0,w1
6093BD8498,1.0,1.0,1.0,1.0,1.0,w1
199E16EA57,2.0,2.0,2.0,2.0,2.0,w1
49DCA7CB8C,2.0,1.0,2.0,2.0,2.0,w1
5B84BA58FC,4.0,4.0,0.0,0.0,0.0,w1
0701329FCA,1.0,0.0,2.0,2.0,2.0,w1
44237A75C6,2.0,0.0,2.0,2.0,2.0,w1
643265CC0A,1.0,0.0,2.0,2.0,2.0,w1
907B12E468,1.0,1.0,1.0,1.0,1.0,w1
39BC0904FC,1.0,0.0,1.0,1.0,1.0,w1
89C798BAF0,1.0,0.0,2.0,2.0,2.0,w1
000B05839C,4.0,1.0,3.0,3.0,3.0,w1
25E3297BF3,2.0,0.0,3.0,3.0,3.0,w1
5D0EB313B7,3.0,2.0,3.0,3.0,3.0,w1
702D6F61E2,1.0,1.0,0.0,0.0,0.0,w1
E3ABF9B067,1.0,4.0,-0.0,-0.0,1.0,w1
5A0E6455B3,2.0,1.0,1.0,1.0,1.0,w1
D3AE29120B,1.0,2.0,0.0,0.0,1.0,w1
6302494189,5.0,0.0,6.0,6.0,6.0,w1
3A8AE226A1,2.0,1.0,2.0,2.0,2.0,w1
1EF3C9875A,3.0,1.0,4.0,5.0,5.0,w1
DAF2F826BB,0.0,1.0,0.0,0.0,0.0,w1
A2998E4220,2.0,2.0,1.0,1.0,1.0,w1
C8AE9C641D,2.0,2.0,1.0,1.0,1.0,w1
3D180DC1BC,2.0,2.0,3.0,3.0,3.0,w1
92BB7C7001,2.0,0.0,3.0,3.0,3.0,w1
8082D28351,2.0,0.0,2.0,2.0,2.0,w1
FCDC3C5571,1.0,0.0,3.0,3.0,3.0,w1
8BC353B3B5,2.0,0.0,2.0,2.0,2.0,w1
04A49271B5,2.0,1.0,2.0,2.0,2.0,w1
A8CE2C3F52,3.0,2.0,1.0,2.0,2.0,w1
8AA9EA733D,3.0,0.0,3.0,3.0,3.0,w1
4BC321974E,4.0,0.0,4.0,4.0,4.0,w1
90FB9DD72E,2.0,2.0,2.0,2.0,2.0,w1
FB2CCC0A7F,1.0,0.0,2.0,2.0,2.0,w1
EA3F7CC375,1.0,1.0,-0.0,-0.0,-0.0,w1
404B6E4D20,2.0,0.0,2.0,2.0,2.0,w1
96D7003B31,1.0,1.0,0.0,0.0,1.0,w1
A0A1693D57,3.0,1.0,5.0,5.0,5.0,w1
A4A73086D6,0.0,0.0,4.0,4.0,4.0,w1
1FC717FF57,2.0,0.0,3.0,3.0,3.0,w1
EEB074857C,4.0,1.0,4.0,4.0,4.0,w1
7494BF5C20,2.0,1.0,2.0,2.0,2.0,w1
DC22143FCA,1.0,0.0,1.0,1.0,1.0,w1
7504DDB43B,1.0,2.0,1.0,1.0,1.0,w1
687766EA0C,2.0,1.0,1.0,1.0,1.0,w1
31FED67442,1.0,1.0,1.0,1.0,1.0,w1
88FE58CA4F,0.0,2.0,1.0,1.0,1.0,w1
8A5FD74DA0,1.0,1.0,1.0,1.0,1.0,w1
2674D8E622,1.0,0.0,4.0,4.0,4.0,w1
D029268DED,3.0,1.0,5.0,5.0,5.0,w1
0BB10A6E68,2.0,1.0,3.0,3.0,3.0,w1
39BEF426A9,3.0,1.0,4.0,4.0,4.0,w1
B8577F2E9A,2.0,2.0,1.0,1.0,1.0,w1
CB5736CCC5,6.0,0.0,7.0,7.0,7.0,w1
D9BDE77D6B,4.0,3.0,1.0,1.0,1.0,w1
04A890F1D5,8.0,0.0,7.0,7.0,7.0,w1
B8242BE892,1.0,0.0,1.0,1.0,2.0,w1
D65C7C7C15,2.0,1.0,3.0,3.0,3.0,w1
7DAEFD5F20,1.0,1.0,0.0,0.0,0.0,w1
DE42C92305,0.0,2.0,-1.0,-1.0,-1.0,w1
72282EBEE3,1.0,1.0,1.0,1.0,1.0,w1
F2E23C9882,0.0,2.0,-2.0,-2.0,-2.0,w1
2DF7F94F1B,4.0,2.0,3.0,3.0,3.0,w1
92751D5216,3.0,3.0,-1.0,-1.0,-1.0,w1
31CF1F37B1,1.0,1.0,1.0,1.0,1.0,w1
A54D699D78,2.0,0.0,4.0,4.0,4.0,w1
492010A50D,1.0,1.0,0.0,1.0,1.0,w1
1A48775B52,0.0,2.0,-2.0,-2.0,-2.0,w1
D965F407A3,1.0,0.0,1.0,1.0,1.0,w1
DF9F46D69E,2.0,0.0,5.0,7.0,7.0,w1
6D528ABD9F,1.0,1.0,-0.0,-0.0,-0.0,w1
A4A58E4901,1.0,0.0,1.0,1.0,1.0,w1
BF424DEFCE,3.0,1.0,3.0,3.0,3.0,w1
BC2099BD16,2.0,0.0,5.0,6.0,6.0,w1
B0BC553AE6,2.0,1.0,2.0,2.0,2.0,w1
8F0D8C8257,1.0,1.0,2.0,2.0,3.0,w1
A40A8D4477,2.0,1.0,2.0,2.0,2.0,w1
B98EF84466,1.0,1.0,2.0,2.0,2.0,w1
7EDC1CCEEE,2.0,0.0,2.0,2.0,2.0,w1
8935F311F5,2.0,2.0,3.0,3.0,3.0,w1
E64E8FD39E,3.0,1.0,3.0,3.0,3.0,w1
D569A20DBF,7.0,1.0,7.0,7.0,7.0,w1
C460F8DDE2,2.0,1.0,3.0,3.0,3.0,w1
576F356E80,3.0,0.0,3.0,3.0,3.0,w1
F2F7A8D184,2.0,1.0,1.0,2.0,2.0,w1
7AA21F6215,2.0,1.0,2.0,2.0,2.0,w1
E245E84B34,1.0,1.0,2.0,2.0,3.0,w1
151635F3B1,6.0,0.0,6.0,7.0,7.0,w1
D789D91D7C,2.0,0.0,2.0,3.0,3.0,w1
47CF5148E3,1.0,2.0,-0.0,-0.0,-0.0,w1
05DFE82823,2.0,3.0,-1.0,-1.0,-0.0,w1
84B547E4E8,6.0,0.0,7.0,8.0,8.0,w1
A44211C2E2,2.0,3.0,0.0,0.0,1.0,w1
B1C43334A7,3.0,0.0,3.0,3.0,3.0,w1
EFDAC95F4C,3.0,1.0,3.0,4.0,4.0,w1
07BB24E6B3,2.0,1.0,2.0,2.0,2.0,w1
84F8A861F5,2.0,2.0,1.0,1.0,1.0,w1
511D40B204,1.0,0.0,2.0,2.0,2.0,w1
CD50E8682E,3.0,1.0,3.0,3.0,3.0,w1
E7361997C1,0.0,0.0,0.0,0.0,0.0,w1
94BDED75CB,2.0,2.0,1.0,1.0,1.0,w1
7C3532D7F3,1.0,0.0,1.0,2.0,2.0,w1
F546F1693C,1.0,1.0,-0.0,-0.0,-0.0,w1
47485AC6F7,0.0,1.0,-0.0,-0.0,-0.0,w1
9D49D46397,3.0,0.0,3.0,3.0,3.0,w1
870F12443C,4.0,0.0,5.0,5.0,5.0,w1
2927596725,2.0,1.0,1.0,1.0,1.0,w1
0C6EDE2271,2.0,1.0,1.0,1.0,1.0,w1
7AC8920F39,2.0,1.0,2.0,2.0,2.0,w1
4972331A96,2.0,1.0,1.0,1.0,1.0,w1
FAD071B6ED,1.0,0.0,2.0,2.0,2.0,w1
CC8BA37A3B,1.0,4.0,-1.0,0.0,0.0,w1
7AE85A0AE2,9.0,3.0,8.0,8.0,8.0,w1
3A312B558B,2.0,1.0,3.0,3.0,3.0,w1
A3EBB2AA17,2.0,1.0,1.0,1.0,1.0,w1
2AFF839363,3.0,1.0,2.0,2.0,2.0,w1
4F42CCB685,4.0,3.0,2.0,2.0,2.0,w1
388A07F487,2.0,4.0,-2.0,-2.0,-2.0,w1
A844097EDF,4.0,2.0,4.0,4.0,4.0,w1
8A11D9F14C,1.0,0.0,2.0,2.0,2.0,w1
758A74A3E3,4.0,3.0,1.0,2.0,2.0,w1
FCC3B4506D,6.0,0.0,6.0,6.0,7.0,w1
76253A88AE,2.0,0.0,2.0,3.0,3.0,w1
CA7E3C14CE,1.0,2.0,0.0,0.0,0.0,w1
FAD5EEA82B,4.0,1.0,4.0,4.0,4.0,w1
F75E35DB0F,2.0,2.0,2.0,2.0,2.0,w1
D35FF49FC6,0.0,1.0,-0.0,-0.0,-0.0,w1
FC7C43395E,1.0,3.0,-0.0,-0.0,-0.0,w1
3C1D0EF419,0.0,1.0,1.0,1.0,1.0,w1
11A16E7C82,3.0,2.0,3.0,4.0,4.0,w1
287503CFEC,1.0,1.0,0.0,0.0,0.0,w1
C5EFDEF955,0.0,1.0,1.0,1.0,1.0,w1
9EEB88FC50,1.0,1.0,2.0,2.0,2.0,w1
A7EAC5C735,4.0,0.0,3.0,3.0,3.0,w1
A6AA2A3B04,1.0,1.0,0.0,0.0,0.0,w1
183669F2A1,1.0,1.0,1.0,1.0,1.0,w1
EAF6283FC0,1.0,0.0,0.0,0.0,0.0,w1
A88EA0D371,2.0,0.0,2.0,2.0,2.0,w1
3695E59A1D,3.0,0.0,3.0,3.0,3.0,w1
D6105281FE,4.0,0.0,5.0,6.0,7.0,w1
96727868B8,5.0,1.0,4.0,4.0,4.0,w1
B64B4252EF,2.0,1.0,0.0,0.0,0.0,w1
F4B74F23C5,3.0,5.0,-2.0,-2.0,-2.0,w1
92F5E2198F,2.0,1.0,1.0,1.0,2.0,w1
54FC20E914,0.0,1.0,1.0,1.0,1.0,w1
5558670D35,1.0,1.0,-0.0,-0.0,-0.0,w1
42F83F8FE1,1.0,1.0,1.0,1.0,1.0,w1
7EFEA67355,4.0,0.0,4.0,4.0,4.0,w1
BAA85C52D7,1.0,1.0,0.0,0.0,2.0,w1
2C4FEA4459,2.0,0.0,2.0,2.0,2.0,w1
59EF8BC846,3.0,1.0,3.0,3.0,3.0,w1
4644CAE7F7,1.0,0.0,3.0,3.0,3.0,w1
DD25FBA364,1.0,2.0,0.0,0.0,0.0,w1
4C15703EBC,1.0,2.0,1.0,1.0,1.0,w1
FFF8AEE7DF,3.0,0.0,3.0,3.0,3.0,w1
791D7A3822,1.0,0.0,1.0,1.0,1.0,w1
C68D54BD09,5.0,1.0,5.0,5.0,5.0,w1
6ACEE56979,2.0,0.0,2.0,2.0,2.0,w1
30432EF69B,1.0,1.0,1.0,1.0,1.0,w1
AEDA738B97,2.0,0.0,3.0,3.0,3.0,w1
C94864E494,1.0,0.0,1.0,1.0,1.0,w1
BC8C9CDE37,1.0,0.0,2.0,3.0,3.0,w1
7EE649ACF0,1.0,1.0,3.0,3.0,3.0,w1
BA2D30AC28,2.0,1.0,2.0,2.0,2.0,w1
FC84426C48,1.0,1.0,0.0,0.0,0.0,w1
BA620922E4,4.0,1.0,3.0,3.0,3.0,w1
E0EA68F991,1.0,0.0,1.0,2.0,2.0,w1
97044FBB05,0.0,3.0,-2.0,-2.0,-2.0,w1
1F801CC5E1,3.0,2.0,2.0,2.0,2.0,w1
BF455E24BC,3.0,0.0,3.0,3.0,3.0,w1
AF2EB727F2,4.0,3.0,1.0,1.0,1.0,w1
BE2C292F73,1.0,4.0,-3.0,-3.0,-3.0,w1
891BC69889,2.0,1.0,3.0,3.0,4.0,w1
91BD2C06BB,1.0,1.0,1.0,1.0,1.0,w1
7A8D49AF79,1.0,0.0,1.0,5.0,5.0,w1
0E7E60ADF1,1.0,2.0,-1.0,2.0,2.0,w1
7635EA4391,1.0,1.0,1.0,1.0,1.0,w1
A11D206E8C,4.0,1.0,4.0,4.0,4.0,w1
BD783B2619,1.0,1.0,1.0,1.0,1.0,w1
8DEFD63C30,4.0,1.0,4.0,4.0,4.0,w1
744FF4F833,3.0,1.0,3.0,7.0,7.0,w1
F59C2BA359,0.0,0.0,1.0,1.0,1.0,w1
58396F261C,1.0,1.0,-0.0,-0.0,-0.0,w1
9FE330EB4E,2.0,1.0,5.0,5.0,5.0,w1
DC19E815DE,3.0,0.0,2.0,2.0,2.0,w1
0198691B90,1.0,1.0,1.0,1.0,2.0,w1
4EEDC36181,2.0,1.0,3.0,3.0,3.0,w1
7BAF7E001F,3.0,1.0,4.0,4.0,4.0,w1
1DFA4E1DD0,1.0,1.0,2.0,2.0,2.0,w1
FAE017CC60,1.0,2.0,2.0,2.0,2.0,w1
4EAC986881,4.0,2.0,1.0,1.0,1.0,w1
B0E421DB7D,0.0,1.0,-1.0,-1.0,-1.0,w1
C9B196586C,1.0,1.0,1.0,1.0,1.0,w1
B1EC55B691,3.0,2.0,2.0,2.0,2.0,w1
D73027601D,2.0,1.0,2.0,2.0,2.0,w1
7C5B902321,5.0,1.0,5.0,5.0,5.0,w1
0C446D8303,0.0,1.0,2.0,2.0,2.0,w1
53A2734941,1.0,1.0,1.0,2.0,2.0,w1
879331F264,1.0,1.0,1.0,1.0,1.0,w1
628F48072D,4.0,2.0,2.0,2.0,2.0,w1
6995D27932,5.0,0.0,7.0,7.0,7.0,w1
B56301808B,0.0,0.0,2.0,2.0,3.0,w1
DC348DD2EF,1.0,2.0,-0.0,-0.0,-0.0,w1
7CEB82D87F,3.0,1.0,3.0,3.0,3.0,w1
173D6E3BBF,2.0,0.0,2.0,2.0,3.0,w1
FFFD1A0156,2.0,2.0,1.0,1.0,1.0,w1
C48200C9BD,2.0,2.0,0.0,0.0,0.0,w1
A21DFEF722,1.0,1.0,0.0,0.0,0.0,w1
3E01E57FC0,5.0,0.0,6.0,6.0,6.0,w1
7BEBECDCC9,2.0,2.0,1.0,1.0,1.0,w1
616CC57AE5,2.0,1.0,3.0,3.0,4.0,w1
747C38A0F1,2.0,0.0,2.0,2.0,2.0,w1
252F4AA971,1.0,1.0,1.0,1.0,1.0,w1
B5DF133598,0.0,1.0,-0.0,-0.0,0.0,w1
F245B70A76,2.0,0.0,2.0,2.0,2.0,w1
4830DC37F8,1.0,0.0,1.0,1.0,1.0,w1
9517A07534,2.0,1.0,3.0,3.0,3.0,w1
04282513FB,3.0,1.0,3.0,3.0,3.0,w1
96AFB60C40,5.0,0.0,7.0,9.0,9.0,w1
E6506547F7,3.0,3.0,2.0,2.0,2.0,w1
A7FEEC04A2,2.0,2.0,0.0,0.0,0.0,w1
054580B538,4.0,0.0,5.0,5.0,5.0,w1
5041F3C249,5.0,0.0,5.0,5.0,5.0,w1
3B62F64AC5,1.0,1.0,-0.0,0.0,0.0,w1
AFF0568E93,3.0,1.0,2.0,2.0,7.0,w1
24D07AADE4,1.0,3.0,0.0,1.0,1.0,w1
EEDB895ADF,2.0,5.0,-1.0,-1.0,-1.0,w1
0303627966,1.0,1.0,0.0,0.0,0.0,w1
6FB7718D57,2.0,0.0,3.0,3.0,3.0,w1
54294C39A1,2.0,1.0,2.0,2.0,2.0,w1
CA0B6BB968,3.0,1.0,5.0,5.0,5.0,w1
D8DE048968,3.0,0.0,3.0,3.0,3.0,w1
70ECD1C2ED,3.0,1.0,2.0,2.0,2.0,w1
258C0F9EB6,3.0,3.0,1.0,1.0,1.0,w1
F7D0B3C7F5,2.0,1.0,3.0,3.0,3.0,w1
84954502AF,2.0,5.0,-1.0,-1.0,-1.0,w1
2D7D65CA4C,1.0,2.0,-0.0,-0.0,0.0,w1
367FB668F2,2.0,2.0,1.0,1.0,2.0,w1
4BA9CD41B7,2.0,0.0,2.0,2.0,3.0,w1
5F36795A59,3.0,3.0,1.0,1.0,1.0,w1
B3F4F7AFA9,2.0,0.0,3.0,3.0,3.0,w1
AE9D88BC10,2.0,0.0,3.0,3.0,3.0,w1
97731AB47F,5.0,3.0,2.0,4.0,4.0,w1
7F2D128058,0.0,1.0,-0.0,-0.0,-0.0,w1
B06F83F187,2.0,1.0,3.0,4.0,4.0,w1
268CDFCD80,3.0,1.0,2.0,2.0,2.0,w1
037EEDB953,2.0,0.0,3.0,3.0,3.0,w1
A110886DE5,2.0,2.0,0.0,1.0,1.0,w1
80D6830137,2.0,0.0,2.0,2.0,2.0,w1
ECDFB24667,1.0,0.0,2.0,2.0,2.0,w1
94EEB2F1F2,1.0,0.0,4.0,4.0,4.0,w1
D2AD6282F6,2.0,1.0,3.0,3.0,4.0,w1
C53916019A,7.0,2.0,6.0,6.0,6.0,w1
8A5049D428,1.0,1.0,0.0,0.0,0.0,w1
B2CC44DD0D,5.0,0.0,5.0,5.0,6.0,w1
8C3B824600,1.0,0.0,2.0,2.0,2.0,w1
641A5438E7,4.0,0.0,7.0,7.0,7.0,w1
C7E364B68C,2.0,1.0,2.0,2.0,2.0,w1
8303F669F1,6.0,0.0,8.0,8.0,8.0,w1
C7EEB9B2D1,3.0,0.0,3.0,3.0,3.0,w1
2A76A8ACE3,1.0,0.0,1.0,1.0,4.0,w1
AAEF659CEB,4.0,0.0,5.0,5.0,5.0,w1
32A737708B,1.0,0.0,2.0,2.0,2.0,w1
04A746B4A6,1.0,0.0,2.0,2.0,2.0,w1
2F3AE4AED0,3.0,2.0,2.0,2.0,2.0,w1
B4F752DDAA,1.0,2.0,-1.0,-1.0,-1.0,w1
B6610BA140,1.0,1.0,1.0,1.0,1.0,w1
8C255EEA84,3.0,1.0,3.0,3.0,3.0,w1
5185B44E21,0.0,0.0,1.0,1.0,5.0,w1
BF271187D8,1.0,0.0,1.0,1.0,3.0,w1
5B81F2583A,4.0,0.0,4.0,5.0,5.0,w1
558682B23A,2.0,2.0,1.0,1.0,1.0,w1
9D479D30B6,4.0,0.0,5.0,6.0,6.0,w1
E4E097E668,1.0,1.0,1.0,1.0,1.0,w1
5771EF8A0E,2.0,0.0,3.0,3.0,3.0,w1
5F5C72FB8E,2.0,1.0,2.0,2.0,2.0,w1
BE07899072,0.0,1.0,0.0,0.0,0.0,w1
FE41F4BEE6,6.0,0.0,6.0,6.0,6.0,w1
95D2264E6A,1.0,2.0,-1.0,-0.0,-0.0,w1
A807056147,2.0,2.0,-0.0,-0.0,-0.0,w1
2596401BE9,1.0,0.0,1.0,1.0,1.0,w1
8171AA443A,3.0,1.0,6.0,6.0,6.0,w1
B5367C874E,5.0,0.0,7.0,7.0,7.0,w1
45E82D22F7,4.0,0.0,5.0,5.0,6.0,w1
F582B6F9DA,2.0,0.0,2.0,2.0,2.0,w1
83758291AA,1.0,0.0,3.0,3.0,3.0,w1
939411C1BC,1.0,2.0,1.0,1.0,1.0,w1
F0C486A2BF,2.0,1.0,1.0,1.0,2.0,w1
BFD5E55C8F,1.0,0.0,1.0,1.0,1.0,w1
668853B6CB,5.0,0.0,6.0,6.0,7.0,w1
963372D86C,2.0,0.0,2.0,2.0,2.0,w1
661FB4FD5E,4.0,3.0,2.0,2.0,2.0,w1
9BC4ECC739,1.0,0.0,5.0,5.0,5.0,w1
F48F7BCC75,2.0,1.0,1.0,1.0,1.0,w1
398D061354,1.0,0.0,2.0,2.0,2.0,w1
33754BC2FF,3.0,0.0,3.0,3.0,3.0,w1
B9B4433AAA,2.0,2.0,1.0,1.0,2.0,w1
6B99E93DA5,3.0,1.0,4.0,4.0,4.0,w1
8C08C3732A,1.0,2.0,-1.0,-1.0,-1.0,w1
0CF7695F0A,5.0,1.0,7.0,7.0,7.0,w1
9BC58FE568,1.0,1.0,0.0,0.0,0.0,w1
489C546773,3.0,5.0,1.0,1.0,1.0,w1
50FB5CAF85,2.0,1.0,2.0,2.0,2.0,w1
AE7148EE92,0.0,0.0,1.0,1.0,1.0,w1
8D164279A4,2.0,5.0,-3.0,-3.0,-3.0,w1
1E5B4EC1EF,4.0,2.0,4.0,4.0,4.0,w1
0810D68584,2.0,0.0,4.0,4.0,4.0,w1
B7F503E8BC,5.0,1.0,4.0,4.0,5.0,w1
3AFC4EB63B,5.0,1.0,4.0,4.0,4.0,w1
7334273037,1.0,1.0,1.0,1.0,1.0,w1
B45036F8D7,1.0,1.0,5.0,5.0,6.0,w1
72CA54EA9B,1.0,1.0,2.0,2.0,2.0,w1
6FE86D726D,2.0,1.0,2.0,2.0,2.0,w1
43E0B254F9,2.0,4.0,0.0,0.0,0.0,w1
536D225DB6,2.0,1.0,3.0,3.0,3.0,w1
5BF3757369,1.0,5.0,-2.0,-2.0,-1.0,w1
82C57A4735,1.0,1.0,1.0,2.0,2.0,w1
34C12214AE,2.0,1.0,3.0,3.0,3.0,w1
F22FCCC4DF,0.0,2.0,-0.0,-0.0,1.0,w1
1450DD81AD,0.0,3.0,-2.0,-2.0,-2.0,w1
8BA6530AF3,1.0,0.0,5.0,5.0,5.0,w1
7F44E8029C,1.0,0.0,5.0,5.0,5.0,w1
440FB03471,2.0,0.0,2.0,2.0,2.0,w1
97D28E8320,1.0,1.0,-0.0,-0.0,2.0,w1
9D1FE8BA13,3.0,0.0,6.0,6.0,6.0,w1
E2E49D9D70,1.0,0.0,1.0,1.0,1.0,w1
7602F9696F,2.0,1.0,1.0,1.0,1.0,w1
52AEF4A211,2.0,2.0,1.0,1.0,1.0,w1
21B69FC10F,1.0,1.0,0.0,0.0,0.0,w1
82A8EB82AC,4.0,0.0,5.0,5.0,5.0,w1
5EF98B1C0D,1.0,1.0,1.0,1.0,1.0,w1
1C7BFAE9CB,1.0,0.0,1.0,3.0,3.0,w1
C2D562A5FF,0.0,1.0,-0.0,-0.0,-0.0,w1
685B7EE2BD,2.0,1.0,3.0,3.0,3.0,w1
DADF783E64,1.0,1.0,3.0,3.0,3.0,w1
9ABAF2492F,1.0,1.0,0.0,0.0,0.0,w1
CA7A0F1FA5,0.0,2.0,2.0,2.0,2.0,w1
9DCF1C53E2,0.0,0.0,0.0,0.0,0.0,w1
A7AA46B3A7,2.0,0.0,3.0,3.0,3.0,w1
73538F07F1,0.0,6.0,-5.0,-5.0,-4.0,w1
31F2FA565E,3.0,1.0,3.0,3.0,3.0,w1
D87B0702BD,1.0,1.0,1.0,1.0,1.0,w1
8EBD5BD50A,0.0,2.0,-2.0,-2.0,-2.0,w1
9307F3D53F,2.0,0.0,4.0,4.0,4.0,w1
7388EE1B7E,1.0,2.0,-1.0,0.0,0.0,w1
227836D1AE,0.0,0.0,2.0,2.0,2.0,w1
1327278AD6,1.0,1.0,1.0,2.0,2.0,w1
2CA23E5344,2.0,1.0,1.0,1.0,1.0,w1
BBCB1AD69C,1.0,1.0,-0.0,-0.0,-0.0,w1
AA4F81D26F,5.0,0.0,8.0,8.0,8.0,w1
18811C85EC,2.0,0.0,2.0,2.0,2.0,w1
D0F406A02D,2.0,0.0,2.0,3.0,3.0,w1
6CD801ED41,2.0,0.0,2.0,2.0,2.0,w1
8A47635206,1.0,1.0,2.0,2.0,2.0,w1
77A08CFDCE,0.0,1.0,2.0,2.0,3.0,w1
3F6E404B8F,2.0,0.0,2.0,2.0,3.0,w1
6D7C4FB0B2,1.0,0.0,3.0,3.0,3.0,w1
4415B65A92,1.0,1.0,1.0,1.0,1.0,w1
7EE699F74A,3.0,2.0,2.0,2.0,2.0,w1
E754304C9C,2.0,3.0,-1.0,-1.0,-1.0,w1
86CE177483,1.0,0.0,1.0,1.0,1.0,w1
ABA7367E56,1.0,3.0,1.0,1.0,1.0,w1
6B74D87FB4,1.0,0.0,2.0,2.0,2.0,w1
C5F7C5FBD2,2.0,1.0,3.0,3.0,3.0,w1
29EF7D7273,4.0,0.0,4.0,4.0,4.0,w1
0218BD6C7D,1.0,1.0,-0.0,-0.0,-0.0,w1
90C70FF21C,3.0,0.0,3.0,3.0,3.0,w1
0D414C0AAA,1.0,1.0,3.0,3.0,3.0,w1
9839AF6A6F,2.0,0.0,3.0,3.0,3.0,w1
D70322E779,1.0,2.0,-0.0,-0.0,-0.0,w1
FDC02312EF,1.0,0.0,1.0,1.0,3.0,w1
B35B5EA667,2.0,1.0,1.0,1.0,1.0,w1
C07D260AAF,2.0,1.0,2.0,2.0,2.0,w1
7403C3AAAA,4.0,1.0,4.0,4.0,4.0,w1
4D81C2A8ED,1.0,1.0,2.0,2.0,2.0,w1
B6F1BE495F,0.0,1.0,-0.0,-0.0,-0.0,w1
0BE9F1B3F5,0.0,1.0,2.0,2.0,2.0,w1
4EF7B079E5,1.0,1.0,1.0,1.0,1.0,w1
6BF7F2811E,2.0,0.0,3.0,3.0,3.0,w1
F74A0F735C,4.0,0.0,6.0,6.0,6.0,w1
FEDBCC393B,1.0,1.0,3.0,3.0,3.0,w1
E0761AA98F,1.0,1.0,0.0,0.0,1.0,w1
D51C99DDEC,4.0,0.0,4.0,4.0,4.0,w1
C31B8D2C4D,1.0,1.0,1.0,1.0,1.0,w1
C91A66B496,4.0,1.0,4.0,4.0,4.0,w1
781FBE82C3,3.0,2.0,4.0,4.0,4.0,w1
D03D7A3903,0.0,1.0,-1.0,-1.0,-1.0,w1
D670F74DB2,3.0,0.0,4.0,4.0,4.0,w1
D77216942C,3.0,1.0,3.0,3.0,3.0,w1
832392B17A,1.0,0.0,1.0,1.0,1.0,w1
72DAC244BA,4.0,2.0,4.0,4.0,4.0,w1
14B9A4D267,1.0,0.0,2.0,2.0,2.0,w1
7D3113B190,1.0,4.0,-2.0,-2.0,-2.0,w1
B1F11FCE60,2.0,0.0,3.0,3.0,3.0,w1
C5E620581D,1.0,2.0,3.0,3.0,3.0,w1
0415DE7BFE,2.0,1.0,2.0,2.0,2.0,w1
803E281D08,1.0,0.0,2.0,2.0,2.0,w1
2BB422739B,1.0,0.0,3.0,3.0,3.0,w1
8BC7F3B10D,2.0,1.0,3.0,3.0,3.0,w1
1C3C3CF4FA,2.0,0.0,3.0,3.0,3.0,w1
FA3E62E4F1,2.0,0.0,3.0,3.0,5.0,w1
857B1BA9B3,4.0,0.0,3.0,3.0,4.0,w1
AF325C726C,1.0,4.0,-2.0,-2.0,-2.0,w1
5388B2CB94,2.0,0.0,4.0,4.0,4.0,w1
6B5E1E6EC5,3.0,1.0,2.0,2.0,2.0,w1
E10EB592EA,3.0,1.0,2.0,2.0,2.0,w1
CB19487239,1.0,1.0,1.0,1.0,1.0,w1
CFEE52A8D3,3.0,1.0,3.0,3.0,3.0,w1
F273815A00,1.0,0.0,1.0,1.0,1.0,w1
E3D36C12C4,0.0,1.0,1.0,1.0,1.0,w1
B3F78E4321,1.0,0.0,3.0,3.0,3.0,w1
47303E2F47,1.0,1.0,1.0,1.0,1.0,w1
C9D664A700,3.0,3.0,4.0,4.0,4.0,w1
9DBF40F7CA,1.0,1.0,-0.0,-0.0,-0.0,w1
EEDA6AFBF9,2.0,2.0,1.0,1.0,1.0,w1
E9525C1DC7,4.0,4.0,1.0,1.0,1.0,w1
A3A79252CD,3.0,0.0,3.0,3.0,3.0,w1
7C3E19C248,2.0,1.0,5.0,5.0,5.0,w1
0427795EE0,3.0,2.0,1.0,1.0,1.0,w1
81322BEB71,1.0,0.0,1.0,3.0,3.0,w1
DF501B366C,1.0,1.0,0.0,0.0,1.0,w1
AF3313313E,0.0,2.0,-1.0,-1.0,-1.0,w1
77B82A7969,1.0,1.0,1.0,1.0,2.0,w1
F3FE776032,2.0,2.0,3.0,3.0,3.0,w1
BAEBB2C7D6,2.0,4.0,0.0,0.0,0.0,w1
972D54C03D,1.0,0.0,1.0,1.0,1.0,w1
545503FE88,0.0,1.0,0.0,0.0,1.0,w1
E46CAED080,0.0,0.0,1.0,1.0,1.0,w1
1D02DEC2CA,2.0,1.0,1.0,1.0,1.0,w1
8D64B6F2F6,2.0,1.0,2.0,2.0,2.0,w1
4DE920867A,1.0,2.0,1.0,1.0,1.0,w1
F232AC8C9E,1.0,0.0,1.0,1.0,1.0,w1
1A4ACC8D10,2.0,2.0,1.0,1.0,1.0,w1
FC36364CC5,1.0,0.0,2.0,2.0,2.0,w1
E88D25A771,0.0,1.0,0.0,0.0,0.0,w1
02FC43C0F8,1.0,0.0,1.0,1.0,1.0,w1
F567DEBEF2,3.0,0.0,4.0,4.0,4.0,w1
6945B4DF4E,2.0,0.0,2.0,4.0,4.0,w1
46C79612D2,3.0,0.0,3.0,3.0,3.0,w1
6D33B5B07A,1.0,0.0,1.0,1.0,2.0,w1
E7B29EC244,1.0,0.0,1.0,1.0,1.0,w1
3383F1166E,1.0,1.0,2.0,2.0,2.0,w1
B945C0F095,3.0,0.0,3.0,3.0,3.0,w1
E2CC87EC8B,3.0,2.0,1.0,2.0,2.0,w1
89C47A25C8,2.0,1.0,2.0,2.0,5.0,w1
64A337DF9D,1.0,1.0,0.0,1.0,1.0,w1
F2EAD30390,3.0,1.0,2.0,2.0,2.0,w1
666B316E14,3.0,0.0,4.0,4.0,4.0,w1
F977E5D998,3.0,2.0,1.0,1.0,1.0,w1
E5DFAFB702,1.0,1.0,1.0,1.0,1.0,w1
BA2BA2EFEA,3.0,0.0,6.0,7.0,7.0,w1
9AE98AD68B,2.0,1.0,1.0,1.0,2.0,w1
4A1FF770D8,2.0,0.0,2.0,2.0,2.0,w1
8414303943,1.0,1.0,1.0,1.0,1.0,w1
FE9DF4283A,2.0,1.0,2.0,2.0,2.0,w1
DB9790A7CB,1.0,1.0,1.0,1.0,1.0,w1
7021A3E3DE,1.0,0.0,1.0,1.0,1.0,w1
EC6A6C25DF,4.0,1.0,3.0,3.0,3.0,w1
D460FC928E,1.0,1.0,0.0,1.0,1.0,w1
AA3427FCDC,4.0,0.0,3.0,3.0,3.0,w1
41F10927E1,2.0,0.0,3.0,3.0,4.0,w1
95BFD4CCD0,1.0,2.0,-0.0,-0.0,0.0,w1
7446C50E7C,2.0,1.0,0.0,0.0,0.0,w1
29A454566D,2.0,1.0,2.0,2.0,2.0,w1
4E3E3A5173,1.0,1.0,-0.0,-0.0,-0.0,w1
F35233C6C3,0.0,0.0,0.0,0.0,0.0,w1
08D978A26D,2.0,0.0,6.0,6.0,6.0,w1
841C82CB8F,5.0,0.0,5.0,5.0,5.0,w1
F00142C6F0,3.0,1.0,3.0,3.0,3.0,w1
7EE5123719,1.0,1.0,2.0,2.0,2.0,w1
43FCD391D1,1.0,0.0,3.0,3.0,4.0,w1
A8B3F2320C,4.0,0.0,5.0,5.0,5.0,w1
BF0A5DF0E0,2.0,2.0,0.0,1.0,1.0,w1
ECFEB14773,1.0,0.0,1.0,1.0,1.0,w1
B78592B815,1.0,2.0,-0.0,1.0,1.0,w1
B741E7FF71,2.0,0.0,3.0,3.0,3.0,w1
DC4610882E,5.0,2.0,4.0,4.0,4.0,w1
B14D122ACE,3.0,1.0,4.0,4.0,4.0,w1
0D41D130A7,3.0,1.0,4.0,4.0,4.0,w1
82DA9079B8,3.0,1.0,1.0,1.0,1.0,w1
D17DDED7BB,1.0,2.0,0.0,0.0,0.0,w1
CCD3A2FF40,2.0,2.0,0.0,0.0,0.0,w1
F33D88CB77,0.0,1.0,1.0,1.0,1.0,w1
1608222323,2.0,2.0,2.0,2.0,2.0,w1
78682DE891,1.0,0.0,2.0,2.0,2.0,w1
B7629B6131,2.0,1.0,2.0,3.0,3.0,w1
30E6B51691,3.0,0.0,4.0,4.0,4.0,w1
D498021CBE,3.0,1.0,4.0,5.0,5.0,w1
83D3A2A86B,2.0,1.0,3.0,3.0,3.0,w1
39A9E34313,1.0,3.0,-1.0,-1.0,-1.0,w1
F7645392C5,3.0,1.0,2.0,2.0,3.0,w1
41E181D655,1.0,1.0,2.0,2.0,2.0,w1
17B7AE2D59,0.0,1.0,-0.0,-0.0,-0.0,w1
CC0117C8EC,1.0,2.0,1.0,1.0,1.0,w1
314AB48CA5,2.0,1.0,2.0,2.0,2.0,w1
8499B8EDE7,0.0,1.0,1.0,1.0,2.0,w1
BC200EF7D5,2.0,3.0,0.0,0.0,0.0,w1
AD29137DD6,4.0,0.0,7.0,7.0,7.0,w1
873252D131,4.0,3.0,3.0,3.0,3.0,w1
65A475365E,1.0,0.0,2.0,2.0,2.0,w1
905266739B,2.0,1.0,3.0,3.0,3.0,w1
7F11773ACC,1.0,0.0,2.0,2.0,2.0,w1
0E25DA60AB,6.0,4.0,2.0,2.0,2.0,w1
85552C24B3,2.0,1.0,3.0,3.0,3.0,w1
38FBB86D94,2.0,1.0,1.0,2.0,2.0,w1
F9829E7BA3,1.0,0.0,2.0,2.0,2.0,w1
CA00BAAA14,2.0,0.0,3.0,3.0,3.0,w1
99CCA4961A,1.0,1.0,0.0,1.0,1.0,w1
D8110EF113,3.0,2.0,4.0,4.0,4.0,w1
DFBA33ECB1,1.0,1.0,2.0,2.0,2.0,w1
0A395C85AD,4.0,1.0,3.0,3.0,3.0,w1
4903638A98,0.0,1.0,1.0,2.0,2.0,w1
1A0CF79A30,1.0,1.0,-0.0,-0.0,-0.0,w1
9AEAAD72EB,1.0,0.0,1.0,1.0,1.0,w1
67845B0C5A,1.0,0.0,2.0,2.0,2.0,w1
1848797946,2.0,1.0,1.0,1.0,1.0,w1
F7A7F1EB42,2.0,1.0,2.0,2.0,2.0,w1
2013756981,3.0,1.0,3.0,3.0,3.0,w1
8A43CBFDA7,0.0,1.0,2.0,2.0,2.0,w1
9472D43BE7,3.0,2.0,1.0,1.0,1.0,w1
5A30FDB953,1.0,1.0,-0.0,-0.0,0.0,w1
2843084F0C,2.0,0.0,2.0,2.0,2.0,w1
6179911C49,6.0,0.0,7.0,7.0,7.0,w1
9CE410EE78,1.0,3.0,-2.0,-2.0,-2.0,w1
353BCBE77A,3.0,1.0,2.0,2.0,2.0,w1
911F12631D,2.0,3.0,0.0,0.0,0.0,w1
0545387F5D,4.0,1.0,4.0,4.0,4.0,w1
4B04351DC9,1.0,0.0,2.0,3.0,3.0,w1
9DC58B62F5,3.0,1.0,3.0,5.0,5.0,w1
284A8EDE23,1.0,1.0,2.0,4.0,4.0,w1
8EBD89C031,1.0,0.0,3.0,3.0,4.0,w1
CDBF408CA8,3.0,1.0,2.0,2.0,2.0,w1
39CA29CDC2,4.0,0.0,7.0,8.0,8.0,w1
4DFA030598,1.0,0.0,5.0,5.0,5.0,w1
825E6830AA,1.0,0.0,1.0,1.0,2.0,w1
215A82AFE4,1.0,0.0,1.0,1.0,1.0,w1
1B2FED10ED,5.0,0.0,5.0,5.0,5.0,w1
1469224AB1,1.0,1.0,0.0,0.0,0.0,w1
60F01F3AFA,2.0,0.0,1.0,2.0,2.0,w1
6FDA8A2301,6.0,1.0,7.0,7.0,7.0,w1
B70DCFB8D2,1.0,1.0,0.0,0.0,0.0,w1
6FF1A2B67E,5.0,0.0,5.0,5.0,5.0,w1
12E46C8B26,2.0,3.0,-0.0,3.0,3.0,w1
C49324F4B3,2.0,1.0,1.0,1.0,2.0,w1
3CEE2D133C,1.0,0.0,3.0,3.0,3.0,w1
B9A928A4CD,4.0,1.0,4.0,4.0,4.0,w1
D06EFFCF26,1.0,0.0,2.0,2.0,2.0,w1
C6829866E1,1.0,1.0,1.0,1.0,1.0,w1
555B5FB732,0.0,3.0,-2.0,-2.0,-2.0,w1
EA09D26FB6,4.0,1.0,4.0,4.0,4.0,w1
126E7B8E25,0.0,0.0,0.0,0.0,0.0,w1
CD481EB015,1.0,0.0,2.0,2.0,2.0,w1
D11BAD9A95,6.0,2.0,5.0,5.0,5.0,w1
187EBD6774,2.0,2.0,0.0,0.0,1.0,w1
86D45ECAE6,1.0,2.0,-1.0,-1.0,-1.0,w1
1D954154C7,1.0,1.0,-0.0,-0.0,0.0,w1
25CF4F1EDB,1.0,0.0,2.0,2.0,2.0,w1
9BEA6C9DB5,0.0,1.0,-0.0,-0.0,-0.0,w1
E8CAF434F7,0.0,1.0,-0.0,-0.0,-0.0,w1
7FD902EB10,2.0,1.0,3.0,3.0,3.0,w1
98A81D34D7,1.0,0.0,0.0,0.0,0.0,w1
96DEC65917,4.0,1.0,6.0,6.0,6.0,w1
A5681E5255,2.0,1.0,1.0,1.0,1.0,w1
86163A84A6,3.0,0.0,6.0,6.0,6.0,w1
5697C774D7,2.0,2.0,0.0,0.0,0.0,w1
D3DC3BCB7C,5.0,1.0,5.0,5.0,5.0,w1
78C34F49FC,1.0,2.0,1.0,1.0,1.0,w1
29011499F5,2.0,0.0,2.0,2.0,2.0,w1
FC89289BA0,2.0,3.0,-1.0,-0.0,-0.0,w1
CAF5ED1FC8,3.0,0.0,5.0,5.0,5.0,w1
60A2F9951E,2.0,2.0,1.0,1.0,1.0,w1
368439AD35,1.0,2.0,1.0,1.0,1.0,w1
96784B9F8B,3.0,2.0,1.0,1.0,1.0,w1
E2765D37A0,2.0,1.0,1.0,1.0,1.0,w1
EBD73717FB,2.0,2.0,0.0,0.0,0.0,w1
FCBA535A90,1.0,1.0,1.0,1.0,1.0,w1
AC16FAA012,0.0,0.0,0.0,0.0,1.0,w1
16414B7049,2.0,3.0,-1.0,-1.0,-1.0,w1
3A1F398F39,1.0,1.0,2.0,2.0,2.0,w1
3BD1A78B42,2.0,1.0,1.0,2.0,2.0,w1
B0153A3726,1.0,0.0,2.0,2.0,2.0,w1
898536F4BE,3.0,0.0,3.0,3.0,3.0,w1
316E314FA1,2.0,0.0,4.0,4.0,4.0,w1
714EBA3882,2.0,2.0,1.0,1.0,1.0,w1
54187593C2,1.0,1.0,0.0,0.0,0.0,w1
D837103699,0.0,0.0,-0.0,-0.0,0.0,w1
1B7875A0BB,2.0,0.0,3.0,3.0,3.0,w1
7048959DCC,4.0,1.0,3.0,3.0,3.0,w1
DC0F7DB311,1.0,0.0,2.0,2.0,2.0,w1
1590F9F75A,1.0,0.0,1.0,1.0,1.0,w1
96ED254810,3.0,2.0,2.0,4.0,4.0,w2
5D4BB99062,4.0,0.0,5.0,10.0,11.0,w2
D110D90EC5,4.0,0.0,6.0,12.0,12.0,w2
6F26736167,5.0,0.0,5.0,10.0,10.0,w2
15A5544F03,8.0,1.0,7.0,15.0,15.0,w2
0F5210FABA,6.0,1.0,5.0,10.0,10.0,w2
94E60BC3FB,3.0,0.0,4.0,9.0,9.0,w2
5F8EE5B475,5.0,0.0,5.0,11.0,11.0,w2
1D676632CF,3.0,2.0,2.0,4.0,4.0,w2
BBA1592569,6.0,1.0,5.0,10.0,10.0,w2
6D2A3C1736,6.0,1.0,8.0,15.0,15.0,w2
6F59A0C8F6,6.0,0.0,6.0,12.0,12.0,w2
05BF995189,5.0,1.0,5.0,11.0,11.0,w2
6B0AFF7D4E,8.0,2.0,6.0,12.0,12.0,w2
D480B651A0,6.0,0.0,5.0,11.0,11.0,w2
40C001AEF2,5.0,1.0,5.0,9.0,10.0,w2
BA851DB6E8,2.0,1.0,2.0,4.0,4.0,w2
BFB5DF5E05,2.0,0.0,2.0,4.0,5.0,w2
E9BF64A9C7,9.0,0.0,10.0,20.0,20.0,w2
F64C97803C,4.0,1.0,3.0,7.0,7.0,w2
8EA17DE698,4.0,0.0,4.0,8.0,8.0,w2
9AAD56D4B0,9.0,0.0,11.0,22.0,22.0,w2
853582C262,9.0,4.0,5.0,10.0,10.0,w2
558FC7472B,2.0,2.0,2.0,5.0,5.0,w2
238CEF9DCF,3.0,0.0,4.0,8.0,9.0,w2
E8F490B011,5.0,1.0,5.0,9.0,9.0,w2
96B9B3C865,6.0,0.0,6.0,12.0,12.0,w2
BDD19AD00C,3.0,1.0,2.0,5.0,5.0,w2
80D56C8E2B,1.0,1.0,-0.0,-0.0,-0.0,w2
C2533B76BC,4.0,1.0,4.0,8.0,8.0,w2
C40FC40065,6.0,1.0,5.0,10.0,10.0,w2
F96F267621,6.0,0.0,7.0,14.0,14.0,w2
58A221A069,4.0,1.0,5.0,9.0,10.0,w2
C4B0FF6F35,2.0,1.0,2.0,5.0,5.0,w2
0B42BF2AD4,6.0,0.0,6.0,14.0,14.0,w2
A4F0A58674,3.0,1.0,4.0,8.0,9.0,w2
DC5B843CEE,3.0,0.0,3.0,6.0,7.0,w2
3942EE42E2,3.0,0.0,6.0,12.0,12.0,w2
4A8786238F,2.0,0.0,2.0,4.0,4.0,w2
A0AFADE6DB,5.0,3.0,5.0,10.0,10.0,w2
2ADB0FF67E,5.0,1.0,6.0,13.0,13.0,w2
AFF722E36C,6.0,3.0,7.0,15.0,15.0,w2
6ABF2F0DFA,6.0,1.0,7.0,14.0,14.0,w2
8C0D68E92C,7.0,1.0,7.0,14.0,15.0,w2
1213BE7F14,4.0,0.0,7.0,13.0,13.0,w2
878C1756DD,6.0,0.0,6.0,11.0,12.0,w2
88929EF7FA,1.0,0.0,1.0,3.0,3.0,w2
2387227E75,4.0,2.0,2.0,4.0,4.0,w2
47E00662BC,6.0,3.0,3.0,6.0,6.0,w2
9115D23F2C,5.0,1.0,6.0,12.0,12.0,w2
10C6922983,5.0,2.0,3.0,6.0,6.0,w2
306C1077C3,3.0,0.0,2.0,5.0,5.0,w2
B2DA86B460,1.0,0.0,2.0,4.0,4.0,w2
8C34F52A9B,2.0,0.0,2.0,4.0,4.0,w2
A9837D205F,4.0,0.0,5.0,10.0,10.0,w2
F1C3D49CAC,8.0,3.0,6.0,12.0,12.0,w2
26698D4115,5.0,4.0,4.0,7.0,7.0,w2
872714F2A7,2.0,1.0,2.0,5.0,5.0,w2
859D0B4E9D,4.0,1.0,5.0,9.0,9.0,w2
8C05043117,4.0,0.0,4.0,9.0,9.0,w2
46564519B0,3.0,1.0,2.0,5.0,5.0,w2
E202825749,5.0,0.0,6.0,12.0,12.0,w2
D41075660D,5.0,1.0,4.0,9.0,9.0,w2
FA280EF662,2.0,1.0,2.0,3.0,3.0,w2
AEDCDA65C2,7.0,0.0,7.0,14.0,14.0,w2
BA2280A076,5.0,0.0,5.0,11.0,11.0,w2
1666B074BE,7.0,1.0,7.0,15.0,15.0,w2
78F7455ED5,3.0,0.0,4.0,7.0,7.0,w2
A1DC7B17FB,9.0,1.0,9.0,18.0,18.0,w2
D78948155A,5.0,1.0,7.0,13.0,13.0,w2
FE1033AAE2,3.0,0.0,3.0,6.0,6.0,w2
118F013062,1.0,1.0,0.0,1.0,1.0,w2
60C18F9B76,4.0,2.0,3.0,5.0,5.0,w2
A6B68DD7D6,3.0,0.0,3.0,5.0,5.0,w2
5433CBB6B0,3.0,0.0,3.0,6.0,6.0,w2
43A8EC200E,3.0,1.0,2.0,5.0,5.0,w2
E111B37CC4,6.0,0.0,6.0,12.0,12.0,w2
AB0D91B3D5,2.0,0.0,2.0,4.0,4.0,w2
3D2C4A252E,5.0,0.0,5.0,11.0,12.0,w2
2DA666E4A4,7.0,0.0,9.0,19.0,19.0,w2
4CE2CDE567,3.0,0.0,4.0,7.0,7.0,w2
358EBB543F,6.0,1.0,5.0,10.0,10.0,w2
24BCD31683,4.0,3.0,4.0,9.0,9.0,w2
83904BC036,2.0,0.0,3.0,5.0,5.0,w2
D3CF19179D,5.0,2.0,5.0,10.0,10.0,w2
274CA732D5,7.0,1.0,11.0,21.0,21.0,w2
57B8430C5E,2.0,1.0,4.0,8.0,8.0,w2
2C00CE8903,5.0,0.0,5.0,9.0,9.0,w2
D6E7AF6D92,4.0,1.0,3.0,6.0,6.0,w2
ED973C7B4D,3.0,0.0,3.0,7.0,7.0,w2
C7B3114A81,2.0,0.0,3.0,6.0,6.0,w2
3622212566,2.0,0.0,2.0,5.0,5.0,w2
DC2C5C55CE,5.0,0.0,6.0,11.0,11.0,w2
F8103FA67D,7.0,1.0,7.0,13.0,13.0,w2
BC2D71C2DB,5.0,1.0,4.0,8.0,8.0,w2
965BE59576,7.0,1.0,7.0,15.0,15.0,w2
1CFE12C4CC,8.0,0.0,8.0,17.0,17.0,w2
A1156E6E1D,3.0,1.0,4.0,9.0,9.0,w2
05B8FE0143,2.0,0.0,2.0,4.0,4.0,w2
00BA60684C,4.0,2.0,3.0,5.0,5.0,w2
8F068726B6,4.0,2.0,4.0,7.0,7.0,w2
7FD1676291,3.0,1.0,4.0,8.0,8.0,w2
B8BBD64DFD,6.0,1.0,5.0,10.0,10.0,w2
C4F5D9F934,1.0,0.0,1.0,2.0,2.0,w2
FCB092CB0B,4.0,1.0,4.0,7.0,7.0,w2
1A3FF17B78,4.0,1.0,4.0,7.0,7.0,w2
F4474DC476,6.0,4.0,2.0,4.0,5.0,w2
B81563CC52,5.0,3.0,2.0,4.0,4.0,w2
F1F999B5B6,3.0,0.0,6.0,11.0,11.0,w2
16253EA1A9,6.0,1.0,7.0,14.0,14.0,w2
0FA61CA81F,4.0,0.0,4.0,7.0,7.0,w2
D2F7F25D7E,3.0,0.0,3.0,5.0,5.0,w2
AE148D8038,2.0,1.0,1.0,2.0,2.0,w2
4DC217F08C,3.0,0.0,5.0,11.0,11.0,w2
5497F2B46C,4.0,0.0,5.0,11.0,11.0,w2
18DC3B0150,5.0,1.0,4.0,8.0,8.0,w2
A5265807FE,5.0,0.0,6.0,12.0,12.0,w2
FE4FDEA48B,5.0,1.0,6.0,12.0,12.0,w2
2CC80E8DFB,4.0,2.0,4.0,8.0,8.0,w2
032E93BBA5,2.0,2.0,2.0,3.0,4.0,w2
38AAD9B171,7.0,0.0,7.0,15.0,15.0,w2
0FEDAD6C6D,3.0,1.0,2.0,5.0,5.0,w2
0A5FE5EBCD,2.0,0.0,4.0,7.0,7.0,w2
85D0213FA6,4.0,1.0,4.0,8.0,9.0,w2
280B552E8A,4.0,1.0,4.0,9.0,9.0,w2
CA9845B193,2.0,0.0,3.0,5.0,5.0,w2
E6476688A4,8.0,1.0,6.0,13.0,13.0,w2
88CD1EA6F2,7.0,1.0,10.0,21.0,21.0,w2
D32270B1CD,6.0,3.0,2.0,5.0,5.0,w2
1FA331AD4C,4.0,1.0,3.0,6.0,6.0,w2
D9BB8A2C93,1.0,1.0,2.0,4.0,4.0,w2
FD6D574D33,2.0,3.0,-1.0,-2.0,-2.0,w2
8A2631546B,2.0,0.0,2.0,4.0,4.0,w2
59E22A0CDC,6.0,0.0,7.0,14.0,14.0,w2
D10ABD6856,5.0,0.0,7.0,14.0,14.0,w2
87C8FE4049,1.0,1.0,2.0,3.0,3.0,w2
09806EB40C,5.0,0.0,5.0,10.0,10.0,w2
6A7C90FAA8,2.0,0.0,3.0,5.0,5.0,w2
B5038B7883,4.0,1.0,4.0,8.0,8.0,w2
39B5654D8E,1.0,1.0,2.0,4.0,4.0,w2
45990E9049,4.0,2.0,3.0,5.0,6.0,w2
5305B6031A,7.0,0.0,9.0,19.0,21.0,w2
7E36F91E14,3.0,5.0,0.0,1.0,1.0,w2
B278BF3017,4.0,1.0,3.0,6.0,6.0,w2
3ACB4B9AF6,9.0,1.0,9.0,19.0,19.0,w2
02BFE21DB0,3.0,0.0,4.0,7.0,7.0,w2
CC38A4A8BE,5.0,0.0,5.0,9.0,9.0,w2
D0B1DDB36E,3.0,0.0,5.0,10.0,10.0,w2
2216430297,2.0,5.0,-1.0,-2.0,-2.0,w2
E6D48105F1,2.0,0.0,2.0,4.0,4.0,w2
783221620C,5.0,2.0,4.0,7.0,7.0,w2
C5FF12198C,5.0,1.0,7.0,15.0,15.0,w2
F97C7C8DFC,1.0,1.0,1.0,2.0,2.0,w2
C1ED865FB5,4.0,5.0,1.0,2.0,2.0,w2
594C02E71B,9.0,0.0,11.0,22.0,22.0,w2
C60EB1483D,2.0,1.0,3.0,5.0,5.0,w2
8F12BCADE1,4.0,1.0,4.0,9.0,9.0,w2
0E214B5F16,4.0,1.0,3.0,6.0,6.0,w2
5505303CDF,4.0,1.0,4.0,8.0,8.0,w2
D2DFC27FD8,5.0,0.0,4.0,9.0,9.0,w2
1E4134982F,6.0,0.0,6.0,11.0,11.0,w2
2AEAB784A5,5.0,0.0,5.0,11.0,11.0,w2
B6F63B2869,6.0,0.0,6.0,13.0,13.0,w2
3E5C26E8EE,2.0,6.0,-2.0,-4.0,-4.0,w2
FA8F78BDD9,2.0,0.0,3.0,6.0,6.0,w2
51001750EF,6.0,0.0,8.0,16.0,16.0,w2
FE1742E64D,3.0,0.0,4.0,7.0,8.0,w2
79520861E0,3.0,1.0,5.0,10.0,10.0,w2
C7E533D281,6.0,1.0,6.0,12.0,12.0,w2
668C1E26B8,2.0,2.0,0.0,1.0,1.0,w2
7075C4A089,2.0,0.0,2.0,5.0,5.0,w2
0B950C411D,2.0,2.0,2.0,4.0,4.0,w2
7E5AD6064A,7.0,3.0,4.0,9.0,9.0,w2
A98EE05E00,5.0,0.0,5.0,10.0,10.0,w2
203A256268,2.0,1.0,2.0,4.0,4.0,w2
15E7C77754,5.0,0.0,6.0,13.0,13.0,w2
93AC3BE4FC,4.0,1.0,4.0,7.0,7.0,w2
B90C8A8820,5.0,1.0,4.0,9.0,9.0,w2
B6FFB609C3,2.0,1.0,3.0,7.0,7.0,w2
9A23C6EC3E,3.0,2.0,5.0,9.0,9.0,w2
D173CAB434,6.0,1.0,5.0,9.0,9.0,w2
53CB146E32,2.0,0.0,3.0,6.0,6.0,w2
43B0C373A0,1.0,3.0,-2.0,-4.0,-4.0,w2
DDF8D3555B,2.0,0.0,6.0,11.0,11.0,w2
25D3192FB2,3.0,2.0,3.0,5.0,5.0,w2
3626FB51BA,1.0,0.0,2.0,4.0,4.0,w2
0BDFF63326,9.0,0.0,9.0,19.0,19.0,w2
6CE48B3077,4.0,6.0,-1.0,-1.0,-1.0,w2
BF920FB092,9.0,1.0,8.0,20.0,20.0,w2
8D8F8511D7,2.0,0.0,3.0,5.0,5.0,w2
C3974FAAC1,5.0,1.0,5.0,9.0,9.0,w2
4F9221450E,3.0,1.0,3.0,5.0,5.0,w2
A6E9395F60,4.0,1.0,5.0,9.0,9.0,w2
4B1C204DE7,7.0,0.0,7.0,14.0,14.0,w2
456BB0D442,1.0,1.0,2.0,5.0,5.0,w2
EB413FB888,3.0,0.0,3.0,6.0,6.0,w2
E825F50499,3.0,1.0,2.0,4.0,4.0,w2
FF1CBA25C0,6.0,0.0,7.0,13.0,14.0,w2
30DF59DD66,3.0,3.0,0.0,1.0,1.0,w2
B536A48D54,4.0,2.0,4.0,9.0,9.0,w2
67191505FA,4.0,1.0,3.0,6.0,6.0,w2
A9A8639D34,2.0,1.0,1.0,3.0,3.0,w2
153BA45E5F,5.0,4.0,5.0,10.0,11.0,w2
0F6CC971C8,2.0,0.0,2.0,5.0,5.0,w2
2B0D034063,1.0,1.0,3.0,5.0,5.0,w2
B8619A5FC4,4.0,1.0,4.0,7.0,7.0,w2
F1AD749692,8.0,0.0,8.0,16.0,16.0,w2
86F459E991,6.0,1.0,6.0,12.0,12.0,w2
AABF6EF352,4.0,1.0,3.0,6.0,6.0,w2
BE8206BCAF,7.0,1.0,7.0,13.0,13.0,w2
112B104283,3.0,1.0,4.0,8.0,8.0,w2
B55EC11A17,4.0,1.0,3.0,7.0,7.0,w2
CBC72A2F41,3.0,0.0,4.0,7.0,7.0,w2
B3093C015D,4.0,0.0,4.0,9.0,9.0,w2
49451734F2,5.0,2.0,5.0,11.0,11.0,w2
AF12C8A1B0,10.0,1.0,10.0,20.0,20.0,w2
D6A4EE22D7,3.0,1.0,6.0,12.0,12.0,w2
A5A11987CC,1.0,0.0,3.0,6.0,6.0,w2
18C1DFEE42,5.0,1.0,6.0,13.0,13.0,w2
607FB0BB3A,10.0,1.0,10.0,20.0,20.0,w2
521D50EC14,3.0,1.0,3.0,5.0,5.0,w2
3B3C520876,3.0,2.0,2.0,3.0,3.0,w2
EDCBD867E2,3.0,3.0,-0.0,0.0,0.0,w2
B314A59A08,7.0,0.0,8.0,16.0,16.0,w2
7554431055,4.0,1.0,3.0,6.0,7.0,w2
56C8AE65CF,3.0,0.0,3.0,5.0,5.0,w2
DDF99DFC30,3.0,0.0,3.0,6.0,6.0,w2
F7EB7E9D25,5.0,1.0,5.0,10.0,11.0,w2
2681850634,5.0,0.0,5.0,9.0,9.0,w2
3B7247B7A9,4.0,0.0,4.0,8.0,8.0,w2
BDCCF20A7C,3.0,0.0,5.0,9.0,9.0,w2
50F513B6A1,7.0,2.0,6.0,13.0,13.0,w2
3676C5F82E,3.0,1.0,2.0,3.0,3.0,w2
443D35319F,7.0,1.0,7.0,15.0,15.0,w2
56D6D270CE,5.0,2.0,3.0,6.0,6.0,w2
B8C8ECAA09,4.0,2.0,3.0,6.0,6.0,w2
F7B0D34B01,3.0,2.0,1.0,1.0,1.0,w2
97BA5883E3,4.0,3.0,2.0,4.0,4.0,w2
1BCCD5F2C1,4.0,0.0,4.0,9.0,9.0,w2
1F278199B3,7.0,0.0,9.0,18.0,18.0,w2
9E83C7D0AE,5.0,5.0,1.0,2.0,3.0,w2
63F4978352,5.0,2.0,4.0,8.0,8.0,w2
69D26652BF,4.0,2.0,3.0,6.0,6.0,w2
451A1DB018,3.0,2.0,1.0,3.0,3.0,w2
55E896BC17,3.0,1.0,2.0,5.0,5.0,w2
046966CA9B,9.0,0.0,9.0,18.0,18.0,w2
DA348B643D,3.0,2.0,3.0,6.0,6.0,w2
6029F3D227,5.0,0.0,5.0,10.0,10.0,w2
871F80BB68,2.0,0.0,3.0,6.0,6.0,w2
034F33BAAB,4.0,1.0,7.0,15.0,15.0,w2
6651596DE7,3.0,0.0,4.0,8.0,8.0,w2
D8694F33A0,4.0,1.0,4.0,8.0,8.0,w2
F8CFA81457,2.0,1.0,1.0,2.0,2.0,w2
09D202699F,2.0,1.0,2.0,5.0,5.0,w2
A4954BC2F6,6.0,0.0,6.0,11.0,11.0,w2
6A947EA2E1,3.0,0.0,3.0,7.0,7.0,w2
1D8A550CA7,2.0,1.0,2.0,5.0,5.0,w2
059C8AD017,2.0,0.0,2.0,3.0,3.0,w2
3C536B5F14,6.0,0.0,6.0,11.0,11.0,w2
07719F75D6,3.0,1.0,5.0,10.0,10.0,w2
0BA5F5B155,4.0,0.0,4.0,7.0,7.0,w2
578F4E9AF2,7.0,1.0,6.0,12.0,13.0,w2
4E426C092B,5.0,0.0,5.0,11.0,11.0,w2
7EC72C0065,3.0,1.0,2.0,4.0,4.0,w2
CDD271E2D0,2.0,1.0,1.0,2.0,2.0,w2
004DC050EA,4.0,6.0,-3.0,-4.0,-4.0,w2
C9BF975B83,3.0,0.0,3.0,7.0,9.0,w2
65E00B1656,4.0,2.0,3.0,5.0,5.0,w2
D6EA5E485D,3.0,0.0,3.0,6.0,6.0,w2
AD6C7FFC87,1.0,0.0,3.0,5.0,6.0,w2
FD00266C8F,8.0,1.0,8.0,16.0,16.0,w2
0DA39CD09F,4.0,3.0,2.0,3.0,3.0,w2
7AF2F637A1,4.0,1.0,4.0,8.0,8.0,w2
B483F17B73,7.0,1.0,9.0,18.0,18.0,w2
EA2607F207,6.0,1.0,6.0,12.0,12.0,w2
1CFB648059,4.0,2.0,3.0,6.0,6.0,w2
BB573DDE78,3.0,1.0,3.0,7.0,7.0,w2
A796C8229B,4.0,1.0,3.0,6.0,6.0,w2
A2680236EB,8.0,0.0,8.0,16.0,16.0,w2
730E3C89A6,2.0,0.0,4.0,7.0,7.0,w2
C07E7DDE7F,2.0,2.0,2.0,4.0,4.0,w2
863EF0E595,1.0,0.0,3.0,6.0,6.0,w2
A1F8F2B97E,7.0,3.0,5.0,10.0,10.0,w2
C57B648ECA,1.0,1.0,2.0,3.0,3.0,w2
FCDE4F8BF0,5.0,2.0,4.0,9.0,9.0,w2
9EF0D1D133,3.0,2.0,1.0,2.0,2.0,w2
4B2982177D,2.0,0.0,1.0,3.0,3.0,w2
56AA3EAFC8,2.0,0.0,2.0,4.0,4.0,w2
1B28850099,10.0,1.0,10.0,19.0,19.0,w2
AD65B1AA3A,1.0,0.0,1.0,2.0,2.0,w2
F46D72CDF8,7.0,0.0,7.0,14.0,14.0,w2
6EEB0627AA,4.0,2.0,2.0,3.0,3.0,w2
17CF68E73E,5.0,0.0,5.0,11.0,11.0,w2
D066A292E1,3.0,1.0,2.0,5.0,5.0,w2
CDB10EB262,4.0,0.0,5.0,9.0,9.0,w2
0F43C1FFBC,1.0,2.0,0.0,1.0,1.0,w2
00BADBC3BF,1.0,1.0,2.0,3.0,3.0,w2
8A792F1FAF,2.0,3.0,3.0,7.0,7.0,w2
48379B4B3D,1.0,1.0,2.0,4.0,4.0,w2
D78367AABB,5.0,2.0,5.0,10.0,10.0,w2
33F1DAC940,3.0,0.0,4.0,9.0,9.0,w2
D03FFE9A5C,4.0,2.0,2.0,4.0,4.0,w2
40B3EC428A,5.0,1.0,5.0,9.0,9.0,w2
557C353DA2,5.0,0.0,5.0,10.0,10.0,w2
3CE7A8D9BB,3.0,0.0,3.0,7.0,7.0,w2
C093838FCE,4.0,0.0,5.0,10.0,10.0,w2
7D194B345B,4.0,0.0,6.0,12.0,12.0,w2
A276B8ABFE,2.0,1.0,5.0,10.0,10.0,w2
675CC0ED76,3.0,0.0,4.0,8.0,8.0,w2
E047830375,4.0,0.0,4.0,8.0,8.0,w2
FDD78C29E4,2.0,0.0,5.0,9.0,9.0,w2
9870C9854F,5.0,0.0,7.0,14.0,14.0,w2
56414279A7,4.0,0.0,9.0,17.0,17.0,w2
26F845C6EB,4.0,2.0,2.0,4.0,4.0,w2
2720EA097A,2.0,0.0,6.0,13.0,13.0,w2
122EF48791,4.0,0.0,5.0,9.0,9.0,w2
DCACDCB0C8,6.0,0.0,5.0,12.0,12.0,w2
6B8F7E3117,7.0,0.0,7.0,14.0,14.0,w2
7EA543C516,2.0,1.0,2.0,3.0,3.0,w2
CF106AAFD9,2.0,0.0,5.0,9.0,9.0,w2
04330E3D76,4.0,0.0,4.0,8.0,8.0,w2
C12C651F36,5.0,1.0,10.0,20.0,20.0,w2
1D10CC1FA9,9.0,1.0,8.0,17.0,17.0,w2
347C1E62A6,3.0,1.0,2.0,4.0,4.0,w2
CB1A97156F,4.0,0.0,6.0,12.0,12.0,w2
B65037E661,11.0,1.0,10.0,20.0,20.0,w2
E2888B33A3,3.0,1.0,5.0,10.0,10.0,w2
C41BF9548B,3.0,3.0,0.0,0.0,0.0,w2
3E21569E72,5.0,1.0,4.0,8.0,8.0,w2
D0F0E75308,4.0,1.0,4.0,8.0,8.0,w2
46DFDE0050,7.0,2.0,7.0,14.0,14.0,w2
29B50AE06D,3.0,2.0,2.0,5.0,5.0,w2
8FBD0181D0,7.0,0.0,8.0,16.0,16.0,w2
2C5754F3F1,2.0,1.0,2.0,3.0,3.0,w2
BBC61D52FE,8.0,2.0,7.0,15.0,15.0,w2
0287512847,3.0,0.0,4.0,7.0,7.0,w2
973ABDA3AA,8.0,3.0,5.0,10.0,10.0,w2
925BD17908,2.0,0.0,2.0,3.0,3.0,w2
C084477125,4.0,2.0,3.0,7.0,7.0,w2
4633F3DC40,7.0,1.0,7.0,14.0,14.0,w2
692D1A5160,2.0,1.0,2.0,3.0,3.0,w2
0F589A4FD9,5.0,1.0,4.0,9.0,9.0,w2
291D729374,3.0,1.0,3.0,6.0,7.0,w2
2843157F69,6.0,2.0,4.0,9.0,9.0,w2
73BC9F26A0,3.0,0.0,3.0,6.0,6.0,w2
587431D0B3,3.0,0.0,4.0,8.0,8.0,w2
1F88F78641,3.0,3.0,0.0,1.0,1.0,w2
1828A305A5,3.0,0.0,3.0,6.0,6.0,w2
EBF85B014C,3.0,0.0,3.0,6.0,6.0,w2
0707647826,2.0,1.0,3.0,6.0,6.0,w2
F5484FEFA7,3.0,2.0,7.0,13.0,13.0,w2
02C935CB41,2.0,0.0,5.0,10.0,10.0,w2
7101D5780B,2.0,0.0,2.0,5.0,5.0,w2
D8BB9B1E6C,4.0,0.0,5.0,11.0,11.0,w2
C64BA78AFA,1.0,2.0,0.0,0.0,0.0,w2
CCF49F5499,2.0,0.0,2.0,4.0,4.0,w2
D4523B3144,4.0,0.0,4.0,9.0,9.0,w2
74EDB142E4,7.0,1.0,7.0,14.0,14.0,w2
5D871B9E61,3.0,1.0,3.0,6.0,6.0,w2
5BCA671076,3.0,1.0,2.0,5.0,5.0,w2
7BA42E80FD,2.0,0.0,1.0,3.0,3.0,w2
05D963F703,4.0,2.0,3.0,7.0,7.0,w2
2025D5032B,4.0,1.0,4.0,9.0,9.0,w2
30CB376D9F,9.0,1.0,8.0,16.0,16.0,w2
6D9E3F2FE9,1.0,3.0,-1.0,-3.0,-2.0,w2
0F9FA0AF51,2.0,2.0,5.0,11.0,13.0,w2
535D4DCDC7,5.0,1.0,4.0,9.0,9.0,w2
DA0FB3B3BF,7.0,1.0,7.0,15.0,15.0,w2
55FAE9E0A6,2.0,1.0,4.0,8.0,8.0,w2
8CED495537,2.0,2.0,2.0,4.0,5.0,w2
2FCE234897,6.0,1.0,6.0,13.0,13.0,w2
74C89B30F7,2.0,3.0,-1.0,-1.0,-1.0,w2
7C5EA35FB4,5.0,0.0,7.0,13.0,13.0,w2
CED73F9973,3.0,0.0,3.0,5.0,5.0,w2
BBEA3D7E05,1.0,0.0,2.0,4.0,4.0,w2
CB4A97A718,7.0,0.0,8.0,16.0,16.0,w2
71D612FAFD,5.0,0.0,6.0,12.0,12.0,w2
CD18132B7B,2.0,0.0,3.0,6.0,6.0,w2
E9411C0C30,3.0,1.0,3.0,5.0,5.0,w2
79B93F91A9,2.0,1.0,2.0,4.0,4.0,w2
6E143F21BE,5.0,0.0,9.0,18.0,18.0,w2
1F3B657229,6.0,0.0,8.0,15.0,15.0,w2
6DD1F22309,4.0,0.0,4.0,9.0,9.0,w2
B8A609EFD7,4.0,6.0,-0.0,-1.0,-1.0,w2
11F22F3748,6.0,0.0,7.0,14.0,14.0,w2
3A8E430EE3,5.0,0.0,6.0,13.0,13.0,w2
C3E1386F69,3.0,1.0,3.0,5.0,5.0,w2
5B8344975F,4.0,0.0,5.0,9.0,9.0,w2
FCE4333CE2,5.0,1.0,4.0,9.0,9.0,w2
D0817E1B9F,2.0,0.0,4.0,8.0,8.0,w2
031B45EAA2,6.0,6.0,1.0,3.0,3.0,w2
9324A0E300,3.0,0.0,3.0,6.0,6.0,w2
EDD49E78AA,1.0,3.0,-2.0,-3.0,-3.0,w2
5C964DD98C,4.0,0.0,4.0,8.0,8.0,w2
DDCC6D2546,3.0,0.0,3.0,5.0,5.0,w2
308EEE66F6,7.0,0.0,8.0,17.0,17.0,w2
84BC7657B3,8.0,2.0,8.0,15.0,15.0,w2
F8C6A650D8,2.0,2.0,1.0,2.0,2.0,w2
A346D01BD1,5.0,0.0,8.0,16.0,16.0,w2
3DD64E4D00,4.0,0.0,4.0,9.0,9.0,w2
43C3199B43,12.0,4.0,8.0,17.0,17.0,w2
6C3A69CA98,3.0,1.0,4.0,8.0,8.0,w2
E915F33227,5.0,1.0,5.0,9.0,9.0,w2
5DF69B4822,7.0,0.0,7.0,14.0,14.0,w2
D62B0B71B5,4.0,1.0,6.0,14.0,14.0,w2
452F9AA1EC,2.0,2.0,-0.0,-1.0,-1.0,w2
F8490E6F46,4.0,1.0,3.0,7.0,7.0,w2
A589BFE6B0,4.0,0.0,5.0,11.0,11.0,w2
CA825109BE,5.0,1.0,6.0,12.0,12.0,w2
12B6402082,2.0,1.0,2.0,4.0,4.0,w2
6093BD8498,5.0,0.0,5.0,10.0,10.0,w2
199E16EA57,7.0,2.0,6.0,11.0,11.0,w2
49DCA7CB8C,4.0,0.0,7.0,15.0,15.0,w2
5B84BA58FC,1.0,1.0,1.0,2.0,2.0,w2
0701329FCA,3.0,1.0,3.0,7.0,7.0,w2
44237A75C6,5.0,0.0,7.0,15.0,15.0,w2
643265CC0A,11.0,2.0,9.0,18.0,19.0,w2
907B12E468,4.0,1.0,4.0,7.0,7.0,w2
39BC0904FC,2.0,1.0,1.0,2.0,2.0,w2
89C798BAF0,0.0,3.0,-3.0,-5.0,-5.0,w2
000B05839C,3.0,2.0,1.0,3.0,4.0,w2
25E3297BF3,2.0,1.0,5.0,9.0,10.0,w2
5D0EB313B7,1.0,0.0,3.0,6.0,6.0,w2
702D6F61E2,4.0,0.0,4.0,9.0,9.0,w2
E3ABF9B067,1.0,2.0,-1.0,-1.0,-1.0,w2
5A0E6455B3,6.0,0.0,7.0,15.0,15.0,w2
D3AE29120B,5.0,3.0,3.0,6.0,6.0,w2
6302494189,4.0,0.0,5.0,9.0,9.0,w2
3A8AE226A1,4.0,0.0,4.0,7.0,7.0,w2
1EF3C9875A,7.0,2.0,7.0,13.0,13.0,w2
DAF2F826BB,4.0,1.0,4.0,8.0,8.0,w2
A2998E4220,7.0,2.0,5.0,9.0,9.0,w2
C8AE9C641D,4.0,0.0,4.0,8.0,8.0,w2
3D180DC1BC,6.0,1.0,5.0,10.0,10.0,w2
92BB7C7001,3.0,0.0,4.0,8.0,8.0,w2
8082D28351,2.0,3.0,-1.0,-2.0,-2.0,w2
FCDC3C5571,4.0,0.0,6.0,12.0,12.0,w2
8BC353B3B5,6.0,2.0,4.0,8.0,8.0,w2
04A49271B5,5.0,1.0,4.0,9.0,9.0,w2
A8CE2C3F52,6.0,1.0,5.0,11.0,11.0,w2
8AA9EA733D,2.0,0.0,2.0,4.0,5.0,w2
4BC321974E,2.0,0.0,3.0,7.0,7.0,w2
90FB9DD72E,4.0,0.0,8.0,16.0,16.0,w2
FB2CCC0A7F,5.0,1.0,5.0,9.0,10.0,w2
EA3F7CC375,5.0,0.0,6.0,11.0,11.0,w2
404B6E4D20,3.0,1.0,6.0,13.0,13.0,w2
96D7003B31,5.0,1.0,7.0,13.0,13.0,w2
A0A1693D57,3.0,1.0,3.0,6.0,6.0,w2
A4A73086D6,1.0,0.0,1.0,2.0,2.0,w2
1FC717FF57,4.0,0.0,4.0,8.0,8.0,w2
EEB074857C,6.0,1.0,5.0,10.0,12.0,w2
7494BF5C20,3.0,1.0,4.0,7.0,8.0,w2
DC22143FCA,3.0,1.0,4.0,7.0,7.0,w2
7504DDB43B,4.0,0.0,5.0,11.0,12.0,w2
687766EA0C,1.0,2.0,1.0,1.0,3.0,w2
31FED67442,7.0,1.0,6.0,12.0,12.0,w2
88FE58CA4F,3.0,1.0,2.0,5.0,5.0,w2
8A5FD74DA0,5.0,0.0,5.0,10.0,10.0,w2
2674D8E622,4.0,0.0,7.0,14.0,14.0,w2
D029268DED,6.0,0.0,6.0,12.0,12.0,w2
0BB10A6E68,1.0,0.0,4.0,7.0,7.0,w2
39BEF426A9,4.0,1.0,4.0,7.0,7.0,w2
B8577F2E9A,4.0,1.0,5.0,10.0,10.0,w2
CB5736CCC5,2.0,1.0,1.0,6.0,6.0,w2
D9BDE77D6B,6.0,1.0,7.0,14.0,14.0,w2
04A890F1D5,3.0,1.0,2.0,4.0,4.0,w2
B8242BE892,6.0,0.0,6.0,11.0,11.0,w2
D65C7C7C15,2.0,1.0,2.0,3.0,4.0,w2
7DAEFD5F20,5.0,1.0,4.0,7.0,7.0,w2
DE42C92305,3.0,0.0,3.0,7.0,7.0,w2
72282EBEE3,3.0,7.0,-2.0,-5.0,-3.0,w2
F2E23C9882,3.0,1.0,7.0,14.0,14.0,w2
2DF7F94F1B,2.0,0.0,2.0,5.0,5.0,w2
92751D5216,2.0,2.0,0.0,1.0,1.0,w2
31CF1F37B1,4.0,0.0,9.0,18.0,18.0,w2
A54D699D78,2.0,1.0,1.0,3.0,3.0,w2
492010A50D,5.0,1.0,5.0,12.0,12.0,w2
1A48775B52,2.0,0.0,4.0,8.0,8.0,w2
D965F407A3,6.0,0.0,6.0,12.0,12.0,w2
DF9F46D69E,2.0,2.0,0.0,0.0,0.0,w2
6D528ABD9F,4.0,1.0,3.0,8.0,8.0,w2
A4A58E4901,1.0,0.0,1.0,2.0,2.0,w2
BF424DEFCE,3.0,2.0,2.0,3.0,3.0,w2
BC2099BD16,3.0,0.0,4.0,9.0,9.0,w2
B0BC553AE6,5.0,1.0,4.0,8.0,8.0,w2
8F0D8C8257,2.0,0.0,3.0,5.0,5.0,w2
A40A8D4477,4.0,1.0,4.0,9.0,9.0,w2
B98EF84466,6.0,1.0,6.0,12.0,12.0,w2
7EDC1CCEEE,2.0,1.0,2.0,5.0,5.0,w2
8935F311F5,2.0,1.0,1.0,1.0,1.0,w2
E64E8FD39E,1.0,1.0,2.0,5.0,5.0,w2
D569A20DBF,5.0,0.0,6.0,11.0,11.0,w2
C460F8DDE2,4.0,0.0,4.0,8.0,8.0,w2
576F356E80,4.0,1.0,4.0,9.0,9.0,w2
F2F7A8D184,3.0,1.0,3.0,6.0,6.0,w2
7AA21F6215,4.0,0.0,4.0,8.0,9.0,w2
E245E84B34,4.0,1.0,6.0,12.0,12.0,w2
151635F3B1,4.0,0.0,8.0,17.0,17.0,w2
D789D91D7C,2.0,0.0,7.0,13.0,17.0,w2
47CF5148E3,11.0,0.0,12.0,24.0,24.0,w2
05DFE82823,3.0,1.0,6.0,12.0,12.0,w2
84B547E4E8,4.0,1.0,4.0,9.0,9.0,w2
A44211C2E2,6.0,1.0,5.0,11.0,11.0,w2
B1C43334A7,2.0,3.0,1.0,3.0,3.0,w2
EFDAC95F4C,3.0,1.0,2.0,4.0,4.0,w2
07BB24E6B3,2.0,1.0,2.0,4.0,4.0,w2
84F8A861F5,3.0,2.0,2.0,3.0,3.0,w2
511D40B204,3.0,0.0,4.0,8.0,8.0,w2
CD50E8682E,1.0,0.0,2.0,4.0,4.0,w2
E7361997C1,4.0,0.0,6.0,11.0,11.0,w2
94BDED75CB,5.0,1.0,5.0,10.0,10.0,w2
7C3532D7F3,7.0,1.0,7.0,13.0,13.0,w2
F546F1693C,2.0,0.0,3.0,7.0,7.0,w2
47485AC6F7,7.0,1.0,8.0,16.0,17.0,w2
9D49D46397,3.0,1.0,2.0,5.0,5.0,w2
870F12443C,7.0,0.0,7.0,15.0,15.0,w2
2927596725,3.0,0.0,4.0,8.0,8.0,w2
0C6EDE2271,5.0,0.0,6.0,13.0,13.0,w2
7AC8920F39,5.0,1.0,6.0,11.0,11.0,w2
4972331A96,5.0,1.0,4.0,8.0,8.0,w2
FAD071B6ED,4.0,0.0,5.0,9.0,9.0,w2
CC8BA37A3B,4.0,0.0,4.0,7.0,8.0,w2
7AE85A0AE2,7.0,1.0,7.0,14.0,14.0,w2
3A312B558B,3.0,0.0,5.0,10.0,10.0,w2
A3EBB2AA17,3.0,0.0,3.0,5.0,6.0,w2
2AFF839363,4.0,1.0,4.0,8.0,8.0,w2
4F42CCB685,4.0,1.0,3.0,7.0,7.0,w2
388A07F487,4.0,0.0,4.0,8.0,8.0,w2
A844097EDF,4.0,3.0,1.0,2.0,2.0,w2
8A11D9F14C,1.0,0.0,2.0,4.0,4.0,w2
758A74A3E3,2.0,0.0,2.0,4.0,4.0,w2
FCC3B4506D,4.0,1.0,4.0,8.0,8.0,w2
76253A88AE,2.0,1.0,1.0,2.0,4.0,w2
CA7E3C14CE,1.0,1.0,0.0,0.0,0.0,w2
FAD5EEA82B,3.0,1.0,4.0,8.0,8.0,w2
F75E35DB0F,4.0,1.0,5.0,10.0,10.0,w2
D35FF49FC6,8.0,3.0,6.0,12.0,12.0,w2
FC7C43395E,8.0,0.0,9.0,19.0,19.0,w2
3C1D0EF419,3.0,1.0,4.0,8.0,8.0,w2
11A16E7C82,2.0,3.0,1.0,1.0,1.0,w2
287503CFEC,4.0,2.0,2.0,5.0,5.0,w2
C5EFDEF955,3.0,3.0,1.0,2.0,2.0,w2
9EEB88FC50,6.0,1.0,6.0,11.0,11.0,w2
A7EAC5C735,2.0,1.0,2.0,3.0,3.0,w2
A6AA2A3B04,4.0,0.0,5.0,9.0,9.0,w2
183669F2A1,6.0,0.0,6.0,13.0,13.0,w2
EAF6283FC0,7.0,0.0,7.0,15.0,15.0,w2
A88EA0D371,5.0,0.0,6.0,11.0,11.0,w2
3695E59A1D,2.0,2.0,1.0,1.0,1.0,w2
D6105281FE,2.0,4.0,1.0,2.0,2.0,w2
96727868B8,4.0,1.0,3.0,7.0,7.0,w2
B64B4252EF,1.0,3.0,-2.0,-4.0,-4.0,w2
F4B74F23C5,3.0,1.0,2.0,4.0,4.0,w2
92F5E2198F,4.0,4.0,1.0,3.0,3.0,w2
54FC20E914,9.0,0.0,9.0,18.0,18.0,w2
5558670D35,4.0,0.0,4.0,8.0,8.0,w2
42F83F8FE1,3.0,0.0,4.0,9.0,9.0,w2
7EFEA67355,5.0,0.0,7.0,16.0,16.0,w2
BAA85C52D7,2.0,0.0,3.0,7.0,8.0,w2
2C4FEA4459,3.0,1.0,4.0,7.0,7.0,w2
59EF8BC846,3.0,1.0,2.0,5.0,5.0,w2
4644CAE7F7,4.0,2.0,2.0,5.0,5.0,w2
DD25FBA364,2.0,1.0,2.0,5.0,5.0,w2
4C15703EBC,10.0,1.0,9.0,19.0,19.0,w2
FFF8AEE7DF,3.0,0.0,5.0,11.0,11.0,w2
791D7A3822,1.0,0.0,1.0,2.0,2.0,w2
C68D54BD09,6.0,0.0,8.0,16.0,16.0,w2
6ACEE56979,1.0,2.0,1.0,3.0,3.0,w2
30432EF69B,2.0,1.0,2.0,3.0,4.0,w2
AEDA738B97,6.0,0.0,6.0,12.0,12.0,w2
C94864E494,8.0,0.0,8.0,17.0,17.0,w2
BC8C9CDE37,2.0,0.0,2.0,4.0,4.0,w2
7EE649ACF0,12.0,1.0,11.0,23.0,23.0,w2
BA2D30AC28,2.0,0.0,2.0,5.0,5.0,w2
FC84426C48,4.0,1.0,3.0,7.0,7.0,w2
BA620922E4,4.0,0.0,6.0,12.0,12.0,w2
E0EA68F991,3.0,3.0,0.0,0.0,0.0,w2
97044FBB05,2.0,1.0,2.0,4.0,4.0,w2
1F801CC5E1,3.0,0.0,3.0,7.0,7.0,w2
BF455E24BC,4.0,2.0,3.0,6.0,6.0,w2
AF2EB727F2,5.0,0.0,7.0,15.0,15.0,w2
BE2C292F73,3.0,0.0,3.0,7.0,7.0,w2
891BC69889,3.0,0.0,4.0,9.0,9.0,w2
91BD2C06BB,3.0,1.0,3.0,7.0,7.0,w2
7A8D49AF79,4.0,1.0,3.0,6.0,6.0,w2
0E7E60ADF1,5.0,1.0,5.0,11.0,11.0,w2
7635EA4391,3.0,1.0,3.0,7.0,7.0,w2
A11D206E8C,1.0,1.0,0.0,1.0,1.0,w2
BD783B2619,2.0,4.0,-2.0,-4.0,-4.0,w2
8DEFD63C30,3.0,2.0,1.0,3.0,3.0,w2
744FF4F833,2.0,1.0,1.0,2.0,2.0,w2
F59C2BA359,4.0,1.0,4.0,8.0,8.0,w2
58396F261C,8.0,0.0,8.0,16.0,16.0,w2
9FE330EB4E,6.0,0.0,6.0,11.0,11.0,w2
DC19E815DE,4.0,0.0,6.0,11.0,11.0,w2
0198691B90,5.0,2.0,4.0,8.0,8.0,w2
4EEDC36181,3.0,2.0,2.0,5.0,5.0,w2
7BAF7E001F,5.0,1.0,5.0,10.0,10.0,w2
1DFA4E1DD0,4.0,0.0,6.0,13.0,13.0,w2
FAE017CC60,4.0,3.0,5.0,11.0,11.0,w2
4EAC986881,5.0,2.0,3.0,7.0,7.0,w2
B0E421DB7D,5.0,1.0,6.0,12.0,12.0,w2
C9B196586C,3.0,1.0,5.0,9.0,9.0,w2
B1EC55B691,8.0,1.0,7.0,15.0,15.0,w2
D73027601D,12.0,0.0,14.0,28.0,28.0,w2
7C5B902321,5.0,3.0,4.0,8.0,8.0,w2
0C446D8303,5.0,1.0,6.0,11.0,11.0,w2
53A2734941,1.0,1.0,1.0,1.0,1.0,w2
879331F264,5.0,1.0,5.0,11.0,11.0,w2
628F48072D,1.0,1.0,3.0,6.0,6.0,w2
6995D27932,5.0,1.0,6.0,12.0,12.0,w2
B56301808B,4.0,1.0,4.0,8.0,8.0,w2
DC348DD2EF,6.0,0.0,6.0,14.0,14.0,w2
7CEB82D87F,6.0,1.0,5.0,11.0,11.0,w2
173D6E3BBF,2.0,0.0,2.0,4.0,4.0,w2
FFFD1A0156,9.0,2.0,8.0,16.0,16.0,w2
C48200C9BD,6.0,0.0,6.0,12.0,12.0,w2
A21DFEF722,5.0,0.0,6.0,12.0,12.0,w2
3E01E57FC0,4.0,4.0,0.0,0.0,1.0,w2
7BEBECDCC9,6.0,1.0,5.0,11.0,11.0,w2
616CC57AE5,1.0,1.0,1.0,2.0,2.0,w2
747C38A0F1,5.0,0.0,5.0,10.0,10.0,w2
252F4AA971,6.0,0.0,7.0,13.0,13.0,w2
B5DF133598,6.0,1.0,8.0,17.0,17.0,w2
F245B70A76,2.0,2.0,3.0,5.0,5.0,w2
4830DC37F8,7.0,0.0,7.0,14.0,14.0,w2
9517A07534,7.0,0.0,6.0,13.0,13.0,w2
04282513FB,3.0,1.0,3.0,6.0,6.0,w2
96AFB60C40,8.0,1.0,8.0,16.0,16.0,w2
E6506547F7,3.0,1.0,3.0,7.0,7.0,w2
A7FEEC04A2,6.0,0.0,8.0,17.0,17.0,w2
054580B538,11.0,0.0,14.0,27.0,28.0,w2
5041F3C249,2.0,1.0,2.0,4.0,4.0,w2
3B62F64AC5,5.0,1.0,6.0,13.0,13.0,w2
AFF0568E93,2.0,6.0,-4.0,-7.0,-7.0,w2
24D07AADE4,3.0,3.0,-0.0,-0.0,-0.0,w2
EEDB895ADF,6.0,0.0,6.0,12.0,12.0,w2
0303627966,4.0,0.0,4.0,9.0,9.0,w2
6FB7718D57,4.0,1.0,4.0,9.0,9.0,w2
54294C39A1,5.0,1.0,6.0,13.0,13.0,w2
CA0B6BB968,5.0,0.0,7.0,14.0,14.0,w2
D8DE048968,3.0,0.0,5.0,9.0,9.0,w2
70ECD1C2ED,2.0,1.0,2.0,4.0,4.0,w2
258C0F9EB6,5.0,1.0,6.0,12.0,12.0,w2
F7D0B3C7F5,4.0,2.0,3.0,6.0,6.0,w2
84954502AF,3.0,0.0,3.0,7.0,7.0,w2
2D7D65CA4C,3.0,1.0,3.0,6.0,6.0,w2
367FB668F2,2.0,1.0,2.0,7.0,7.0,w2
4BA9CD41B7,3.0,2.0,1.0,1.0,3.0,w2
5F36795A59,2.0,5.0,-3.0,-6.0,-6.0,w2
B3F4F7AFA9,3.0,3.0,1.0,2.0,2.0,w2
AE9D88BC10,6.0,1.0,5.0,11.0,11.0,w2
97731AB47F,2.0,1.0,1.0,2.0,2.0,w2
7F2D128058,7.0,4.0,4.0,9.0,9.0,w2
B06F83F187,1.0,1.0,1.0,2.0,2.0,w2
268CDFCD80,7.0,2.0,5.0,10.0,10.0,w2
037EEDB953,6.0,1.0,8.0,15.0,15.0,w2
A110886DE5,5.0,0.0,6.0,11.0,11.0,w2
80D6830137,5.0,0.0,5.0,9.0,9.0,w2
ECDFB24667,9.0,1.0,9.0,18.0,18.0,w2
94EEB2F1F2,7.0,2.0,6.0,12.0,12.0,w2
D2AD6282F6,5.0,0.0,5.0,11.0,11.0,w2
C53916019A,2.0,1.0,2.0,4.0,5.0,w2
8A5049D428,3.0,3.0,-0.0,-0.0,0.0,w2
B2CC44DD0D,4.0,1.0,4.0,8.0,8.0,w2
8C3B824600,5.0,0.0,5.0,10.0,10.0,w2
641A5438E7,5.0,0.0,5.0,9.0,9.0,w2
C7E364B68C,2.0,1.0,2.0,4.0,4.0,w2
8303F669F1,3.0,1.0,2.0,5.0,5.0,w2
C7EEB9B2D1,3.0,0.0,4.0,8.0,8.0,w2
2A76A8ACE3,9.0,0.0,9.0,18.0,18.0,w2
AAEF659CEB,2.0,0.0,5.0,10.0,10.0,w2
32A737708B,2.0,1.0,2.0,3.0,3.0,w2
04A746B4A6,2.0,0.0,5.0,10.0,10.0,w2
2F3AE4AED0,1.0,2.0,0.0,0.0,1.0,w2
B4F752DDAA,7.0,4.0,4.0,8.0,8.0,w2
B6610BA140,1.0,0.0,1.0,3.0,3.0,w2
8C255EEA84,2.0,1.0,4.0,8.0,8.0,w2
5185B44E21,6.0,0.0,7.0,14.0,14.0,w2
BF271187D8,3.0,0.0,6.0,12.0,12.0,w2
5B81F2583A,10.0,2.0,9.0,18.0,18.0,w2
558682B23A,1.0,1.0,1.0,2.0,2.0,w2
9D479D30B6,4.0,0.0,4.0,9.0,10.0,w2
E4E097E668,6.0,1.0,6.0,13.0,13.0,w2
5771EF8A0E,6.0,4.0,2.0,3.0,3.0,w2
5F5C72FB8E,4.0,1.0,5.0,9.0,9.0,w2
BE07899072,2.0,1.0,2.0,3.0,3.0,w2
FE41F4BEE6,9.0,1.0,9.0,17.0,17.0,w2
95D2264E6A,4.0,0.0,4.0,9.0,9.0,w2
A807056147,4.0,2.0,4.0,8.0,8.0,w2
2596401BE9,5.0,1.0,5.0,10.0,10.0,w2
8171AA443A,5.0,1.0,5.0,10.0,10.0,w2
B5367C874E,3.0,2.0,4.0,7.0,7.0,w2
45E82D22F7,5.0,0.0,6.0,12.0,12.0,w2
F582B6F9DA,4.0,1.0,3.0,6.0,6.0,w2
83758291AA,2.0,0.0,3.0,6.0,6.0,w2
939411C1BC,4.0,0.0,6.0,14.0,14.0,w2
F0C486A2BF,4.0,0.0,4.0,8.0,8.0,w2
BFD5E55C8F,2.0,1.0,1.0,2.0,2.0,w2
668853B6CB,2.0,0.0,4.0,7.0,7.0,w2
963372D86C,4.0,0.0,4.0,8.0,8.0,w2
661FB4FD5E,7.0,0.0,9.0,17.0,17.0,w2
9BC4ECC739,3.0,1.0,3.0,6.0,6.0,w2
F48F7BCC75,7.0,0.0,7.0,14.0,14.0,w2
398D061354,9.0,1.0,11.0,21.0,21.0,w2
33754BC2FF,5.0,2.0,4.0,8.0,8.0,w2
B9B4433AAA,3.0,1.0,2.0,5.0,5.0,w2
6B99E93DA5,5.0,1.0,5.0,11.0,11.0,w2
8C08C3732A,6.0,1.0,5.0,10.0,11.0,w2
0CF7695F0A,3.0,0.0,4.0,8.0,8.0,w2
9BC58FE568,1.0,1.0,1.0,2.0,2.0,w2
489C546773,5.0,0.0,6.0,12.0,12.0,w2
50FB5CAF85,2.0,2.0,1.0,2.0,2.0,w2
AE7148EE92,5.0,0.0,6.0,12.0,12.0,w2
8D164279A4,8.0,0.0,8.0,18.0,18.0,w2
1E5B4EC1EF,3.0,1.0,2.0,3.0,3.0,w2
0810D68584,2.0,0.0,7.0,14.0,14.0,w2
B7F503E8BC,2.0,1.0,2.0,4.0,4.0,w2
3AFC4EB63B,8.0,0.0,8.0,16.0,16.0,w2
7334273037,8.0,1.0,9.0,18.0,18.0,w2
B45036F8D7,5.0,1.0,6.0,12.0,12.0,w2
72CA54EA9B,3.0,1.0,2.0,5.0,5.0,w2
6FE86D726D,2.0,1.0,1.0,3.0,3.0,w2
43E0B254F9,6.0,0.0,6.0,13.0,13.0,w2
536D225DB6,4.0,4.0,1.0,2.0,2.0,w2
5BF3757369,11.0,3.0,9.0,18.0,18.0,w2
82C57A4735,6.0,0.0,5.0,11.0,13.0,w2
34C12214AE,3.0,0.0,3.0,6.0,7.0,w2
F22FCCC4DF,1.0,1.0,1.0,2.0,2.0,w2
1450DD81AD,2.0,1.0,4.0,7.0,7.0,w2
8BA6530AF3,5.0,2.0,3.0,6.0,7.0,w2
7F44E8029C,4.0,1.0,4.0,7.0,7.0,w2
440FB03471,4.0,1.0,7.0,13.0,15.0,w2
97D28E8320,2.0,1.0,2.0,3.0,3.0,w2
9D1FE8BA13,4.0,0.0,5.0,10.0,10.0,w2
E2E49D9D70,3.0,1.0,3.0,6.0,6.0,w2
7602F9696F,5.0,0.0,5.0,10.0,11.0,w2
52AEF4A211,6.0,1.0,5.0,11.0,11.0,w2
21B69FC10F,3.0,1.0,3.0,5.0,5.0,w2
82A8EB82AC,6.0,0.0,6.0,12.0,12.0,w2
5EF98B1C0D,7.0,0.0,8.0,15.0,15.0,w2
1C7BFAE9CB,4.0,1.0,7.0,13.0,13.0,w2
C2D562A5FF,4.0,1.0,4.0,9.0,9.0,w2
685B7EE2BD,2.0,2.0,1.0,1.0,1.0,w2
DADF783E64,7.0,0.0,7.0,13.0,13.0,w2
9ABAF2492F,2.0,1.0,2.0,4.0,4.0,w2
CA7A0F1FA5,4.0,1.0,3.0,6.0,6.0,w2
9DCF1C53E2,5.0,0.0,6.0,11.0,11.0,w2
A7AA46B3A7,3.0,1.0,4.0,8.0,8.0,w2
73538F07F1,8.0,1.0,8.0,16.0,16.0,w2
31F2FA565E,8.0,1.0,7.0,14.0,14.0,w2
D87B0702BD,4.0,1.0,5.0,9.0,9.0,w2
8EBD5BD50A,13.0,0.0,13.0,25.0,25.0,w2
9307F3D53F,5.0,1.0,5.0,10.0,10.0,w2
7388EE1B7E,1.0,0.0,1.0,2.0,2.0,w2
227836D1AE,7.0,0.0,9.0,18.0,18.0,w2
1327278AD6,6.0,2.0,5.0,10.0,10.0,w2
2CA23E5344,6.0,1.0,5.0,11.0,11.0,w2
BBCB1AD69C,1.0,2.0,-1.0,-1.0,-1.0,w2
AA4F81D26F,6.0,0.0,6.0,12.0,12.0,w2
18811C85EC,5.0,0.0,6.0,12.0,12.0,w2
D0F406A02D,8.0,1.0,8.0,16.0,16.0,w2
6CD801ED41,1.0,2.0,-1.0,-2.0,-2.0,w2
8A47635206,5.0,2.0,4.0,8.0,8.0,w2
77A08CFDCE,2.0,1.0,1.0,1.0,1.0,w2
3F6E404B8F,2.0,1.0,1.0,3.0,3.0,w2
6D7C4FB0B2,2.0,1.0,2.0,4.0,4.0,w2
4415B65A92,6.0,0.0,9.0,18.0,18.0,w2
7EE699F74A,6.0,1.0,7.0,14.0,14.0,w2
E754304C9C,2.0,1.0,3.0,6.0,6.0,w2
86CE177483,5.0,2.0,4.0,8.0,8.0,w2
ABA7367E56,3.0,0.0,3.0,6.0,7.0,w2
6B74D87FB4,7.0,0.0,9.0,18.0,19.0,w2
C5F7C5FBD2,3.0,0.0,4.0,8.0,8.0,w2
29EF7D7273,3.0,0.0,5.0,10.0,10.0,w2
0218BD6C7D,1.0,0.0,1.0,3.0,3.0,w2
90C70FF21C,2.0,2.0,-0.0,-0.0,-0.0,w2
0D414C0AAA,4.0,1.0,5.0,9.0,9.0,w2
9839AF6A6F,2.0,2.0,1.0,2.0,2.0,w2
D70322E779,1.0,0.0,2.0,3.0,3.0,w2
FDC02312EF,4.0,0.0,4.0,9.0,9.0,w2
B35B5EA667,3.0,0.0,3.0,7.0,7.0,w2
C07D260AAF,2.0,1.0,2.0,4.0,4.0,w2
7403C3AAAA,3.0,1.0,3.0,7.0,7.0,w2
4D81C2A8ED,4.0,2.0,3.0,6.0,6.0,w2
B6F1BE495F,3.0,0.0,4.0,7.0,8.0,w2
0BE9F1B3F5,3.0,0.0,3.0,7.0,7.0,w2
4EF7B079E5,4.0,0.0,4.0,8.0,8.0,w2
6BF7F2811E,6.0,3.0,3.0,6.0,6.0,w2
F74A0F735C,2.0,0.0,2.0,4.0,4.0,w2
FEDBCC393B,3.0,1.0,3.0,7.0,7.0,w2
E0761AA98F,3.0,1.0,4.0,8.0,8.0,w2
D51C99DDEC,8.0,2.0,9.0,18.0,18.0,w2
C31B8D2C4D,4.0,1.0,4.0,8.0,8.0,w2
C91A66B496,3.0,1.0,3.0,6.0,6.0,w2
781FBE82C3,3.0,1.0,2.0,4.0,6.0,w2
D03D7A3903,6.0,1.0,6.0,12.0,12.0,w2
D670F74DB2,2.0,1.0,3.0,5.0,5.0,w2
D77216942C,2.0,0.0,4.0,8.0,8.0,w2
832392B17A,4.0,0.0,4.0,9.0,9.0,w2
72DAC244BA,3.0,1.0,4.0,8.0,8.0,w2
14B9A4D267,10.0,1.0,10.0,19.0,19.0,w2
7D3113B190,5.0,1.0,4.0,9.0,9.0,w2
B1F11FCE60,7.0,3.0,4.0,8.0,8.0,w2
C5E620581D,10.0,0.0,11.0,22.0,22.0,w2
0415DE7BFE,10.0,2.0,8.0,17.0,17.0,w2
803E281D08,3.0,1.0,5.0,9.0,9.0,w2
2BB422739B,5.0,1.0,4.0,8.0,10.0,w2
8BC7F3B10D,2.0,2.0,0.0,0.0,1.0,w2
1C3C3CF4FA,3.0,1.0,4.0,8.0,8.0,w2
FA3E62E4F1,3.0,0.0,10.0,19.0,20.0,w2
857B1BA9B3,3.0,1.0,5.0,9.0,9.0,w2
AF325C726C,3.0,1.0,3.0,6.0,6.0,w2
5388B2CB94,1.0,0.0,1.0,3.0,5.0,w2
6B5E1E6EC5,3.0,0.0,4.0,8.0,8.0,w2
E10EB592EA,5.0,2.0,3.0,7.0,7.0,w2
CB19487239,5.0,0.0,5.0,11.0,11.0,w2
CFEE52A8D3,5.0,1.0,4.0,9.0,9.0,w2
F273815A00,5.0,1.0,5.0,10.0,10.0,w2
E3D36C12C4,3.0,1.0,2.0,5.0,5.0,w2
B3F78E4321,1.0,0.0,2.0,4.0,4.0,w2
47303E2F47,3.0,1.0,2.0,3.0,3.0,w2
C9D664A700,7.0,1.0,6.0,13.0,13.0,w2
9DBF40F7CA,2.0,1.0,3.0,5.0,5.0,w2
EEDA6AFBF9,7.0,0.0,7.0,15.0,15.0,w2
E9525C1DC7,2.0,2.0,3.0,5.0,5.0,w2
A3A79252CD,3.0,0.0,2.0,6.0,6.0,w2
7C3E19C248,3.0,1.0,3.0,6.0,6.0,w2
0427795EE0,4.0,0.0,6.0,12.0,12.0,w2
81322BEB71,3.0,1.0,3.0,6.0,6.0,w2
DF501B366C,8.0,2.0,7.0,14.0,14.0,w2
AF3313313E,3.0,1.0,3.0,5.0,5.0,w2
77B82A7969,5.0,1.0,4.0,8.0,9.0,w2
F3FE776032,3.0,2.0,4.0,8.0,8.0,w2
BAEBB2C7D6,1.0,2.0,-0.0,-0.0,-0.0,w2
972D54C03D,7.0,4.0,3.0,7.0,7.0,w2
545503FE88,8.0,0.0,7.0,15.0,15.0,w2
E46CAED080,6.0,1.0,8.0,15.0,15.0,w2
1D02DEC2CA,3.0,0.0,4.0,9.0,9.0,w2
8D64B6F2F6,1.0,0.0,1.0,2.0,2.0,w2
4DE920867A,2.0,4.0,-1.0,-2.0,-2.0,w2
F232AC8C9E,4.0,0.0,4.0,9.0,9.0,w2
1A4ACC8D10,2.0,1.0,1.0,3.0,3.0,w2
FC36364CC5,3.0,1.0,2.0,3.0,4.0,w2
E88D25A771,4.0,1.0,3.0,7.0,7.0,w2
02FC43C0F8,2.0,2.0,-0.0,-0.0,-0.0,w2
F567DEBEF2,2.0,0.0,3.0,5.0,5.0,w2
6945B4DF4E,4.0,0.0,7.0,14.0,15.0,w2
46C79612D2,2.0,1.0,1.0,2.0,2.0,w2
6D33B5B07A,7.0,2.0,5.0,9.0,10.0,w2
E7B29EC244,1.0,1.0,2.0,4.0,4.0,w2
3383F1166E,3.0,2.0,1.0,2.0,2.0,w2
B945C0F095,2.0,7.0,-3.0,-6.0,-6.0,w2
E2CC87EC8B,7.0,1.0,6.0,13.0,13.0,w2
89C47A25C8,3.0,0.0,4.0,10.0,10.0,w2
64A337DF9D,8.0,0.0,9.0,18.0,18.0,w2
F2EAD30390,3.0,1.0,3.0,5.0,5.0,w2
666B316E14,9.0,1.0,10.0,21.0,21.0,w2
F977E5D998,3.0,1.0,2.0,5.0,5.0,w2
E5DFAFB702,3.0,0.0,3.0,6.0,6.0,w2
BA2BA2EFEA,5.0,1.0,4.0,8.0,8.0,w2
9AE98AD68B,3.0,2.0,2.0,4.0,4.0,w2
4A1FF770D8,1.0,1.0,1.0,1.0,1.0,w2
8414303943,2.0,0.0,3.0,6.0,6.0,w2
FE9DF4283A,4.0,1.0,4.0,8.0,8.0,w2
DB9790A7CB,3.0,1.0,6.0,12.0,12.0,w2
7021A3E3DE,3.0,1.0,2.0,4.0,5.0,w2
EC6A6C25DF,4.0,0.0,3.0,6.0,6.0,w2
D460FC928E,7.0,2.0,6.0,12.0,12.0,w2
AA3427FCDC,3.0,3.0,1.0,1.0,1.0,w2
41F10927E1,2.0,3.0,-1.0,-1.0,-1.0,w2
95BFD4CCD0,3.0,1.0,2.0,5.0,5.0,w2
7446C50E7C,2.0,0.0,3.0,6.0,6.0,w2
29A454566D,4.0,0.0,4.0,7.0,7.0,w2
4E3E3A5173,3.0,1.0,3.0,6.0,6.0,w2
F35233C6C3,6.0,1.0,6.0,11.0,12.0,w2
08D978A26D,4.0,1.0,3.0,6.0,6.0,w2
841C82CB8F,5.0,4.0,1.0,3.0,3.0,w2
F00142C6F0,3.0,0.0,2.0,5.0,5.0,w2
7EE5123719,6.0,0.0,7.0,13.0,13.0,w2
43FCD391D1,6.0,2.0,5.0,10.0,10.0,w2
A8B3F2320C,7.0,1.0,9.0,18.0,18.0,w2
BF0A5DF0E0,3.0,1.0,4.0,8.0,8.0,w2
ECFEB14773,2.0,1.0,2.0,3.0,3.0,w2
B78592B815,3.0,0.0,6.0,12.0,12.0,w2
B741E7FF71,4.0,0.0,5.0,11.0,11.0,w2
DC4610882E,3.0,2.0,1.0,3.0,3.0,w2
B14D122ACE,8.0,0.0,10.0,20.0,20.0,w2
0D41D130A7,4.0,0.0,4.0,8.0,8.0,w2
82DA9079B8,4.0,0.0,4.0,9.0,9.0,w2
D17DDED7BB,3.0,0.0,3.0,7.0,7.0,w2
CCD3A2FF40,2.0,0.0,3.0,5.0,5.0,w2
F33D88CB77,7.0,1.0,6.0,12.0,12.0,w2
1608222323,3.0,1.0,4.0,7.0,7.0,w2
78682DE891,3.0,2.0,1.0,1.0,1.0,w2
B7629B6131,4.0,0.0,8.0,16.0,16.0,w2
30E6B51691,3.0,0.0,3.0,6.0,6.0,w2
D498021CBE,1.0,0.0,6.0,12.0,12.0,w2
83D3A2A86B,5.0,1.0,6.0,11.0,11.0,w2
39A9E34313,5.0,0.0,6.0,11.0,11.0,w2
F7645392C5,3.0,2.0,1.0,2.0,2.0,w2
41E181D655,6.0,1.0,6.0,12.0,12.0,w2
17B7AE2D59,6.0,1.0,5.0,9.0,9.0,w2
CC0117C8EC,7.0,2.0,5.0,11.0,11.0,w2
314AB48CA5,3.0,4.0,0.0,1.0,1.0,w2
8499B8EDE7,3.0,2.0,1.0,3.0,3.0,w2
BC200EF7D5,1.0,1.0,0.0,0.0,0.0,w2
AD29137DD6,6.0,1.0,6.0,11.0,11.0,w2
873252D131,5.0,1.0,5.0,11.0,11.0,w2
65A475365E,3.0,1.0,3.0,7.0,7.0,w2
905266739B,6.0,0.0,7.0,14.0,14.0,w2
7F11773ACC,1.0,2.0,-1.0,-1.0,-1.0,w2
0E25DA60AB,2.0,1.0,2.0,4.0,4.0,w2
85552C24B3,2.0,1.0,1.0,3.0,3.0,w2
38FBB86D94,2.0,2.0,2.0,4.0,4.0,w2
F9829E7BA3,5.0,3.0,1.0,3.0,3.0,w2
CA00BAAA14,2.0,2.0,1.0,1.0,1.0,w2
99CCA4961A,3.0,2.0,3.0,7.0,7.0,w2
D8110EF113,2.0,1.0,2.0,4.0,4.0,w2
DFBA33ECB1,4.0,0.0,4.0,8.0,9.0,w2
0A395C85AD,3.0,2.0,3.0,6.0,7.0,w2
4903638A98,1.0,2.0,-0.0,0.0,0.0,w2
1A0CF79A30,4.0,0.0,4.0,7.0,7.0,w2
9AEAAD72EB,4.0,1.0,3.0,7.0,7.0,w2
67845B0C5A,2.0,0.0,3.0,6.0,7.0,w2
1848797946,1.0,1.0,1.0,1.0,1.0,w2
F7A7F1EB42,3.0,0.0,3.0,6.0,6.0,w2
2013756981,5.0,1.0,4.0,8.0,9.0,w2
8A43CBFDA7,3.0,0.0,3.0,5.0,5.0,w2
9472D43BE7,5.0,0.0,5.0,10.0,10.0,w2
5A30FDB953,4.0,0.0,4.0,8.0,8.0,w2
2843084F0C,3.0,0.0,5.0,10.0,10.0,w2
6179911C49,3.0,0.0,4.0,7.0,7.0,w2
9CE410EE78,5.0,3.0,1.0,3.0,3.0,w2
353BCBE77A,8.0,1.0,10.0,20.0,20.0,w2
911F12631D,7.0,1.0,6.0,12.0,13.0,w2
0545387F5D,1.0,1.0,1.0,2.0,3.0,w2
4B04351DC9,6.0,1.0,7.0,14.0,14.0,w2
9DC58B62F5,4.0,1.0,4.0,7.0,7.0,w2
284A8EDE23,2.0,3.0,-0.0,-0.0,-0.0,w2
8EBD89C031,4.0,0.0,4.0,7.0,7.0,w2
CDBF408CA8,4.0,1.0,4.0,7.0,8.0,w2
39CA29CDC2,5.0,0.0,6.0,12.0,12.0,w2
4DFA030598,3.0,2.0,2.0,4.0,4.0,w2
825E6830AA,5.0,0.0,6.0,11.0,11.0,w2
215A82AFE4,2.0,2.0,1.0,2.0,2.0,w2
1B2FED10ED,2.0,3.0,0.0,3.0,3.0,w2
1469224AB1,3.0,1.0,2.0,5.0,5.0,w2
60F01F3AFA,3.0,0.0,3.0,6.0,6.0,w2
6FDA8A2301,3.0,0.0,3.0,6.0,6.0,w2
B70DCFB8D2,4.0,2.0,3.0,6.0,6.0,w2
6FF1A2B67E,6.0,1.0,6.0,11.0,11.0,w2
12E46C8B26,3.0,0.0,3.0,7.0,8.0,w2
C49324F4B3,5.0,1.0,4.0,9.0,9.0,w2
3CEE2D133C,3.0,0.0,4.0,8.0,8.0,w2
B9A928A4CD,3.0,0.0,4.0,7.0,7.0,w2
D06EFFCF26,5.0,2.0,3.0,6.0,6.0,w2
C6829866E1,7.0,2.0,6.0,11.0,11.0,w2
555B5FB732,4.0,0.0,6.0,13.0,13.0,w2
EA09D26FB6,5.0,3.0,6.0,13.0,13.0,w2
126E7B8E25,1.0,1.0,-0.0,-0.0,-0.0,w2
CD481EB015,4.0,1.0,4.0,8.0,9.0,w2
D11BAD9A95,3.0,1.0,3.0,6.0,6.0,w2
187EBD6774,4.0,0.0,4.0,8.0,8.0,w2
86D45ECAE6,3.0,1.0,2.0,4.0,4.0,w2
1D954154C7,5.0,0.0,5.0,11.0,11.0,w2
25CF4F1EDB,3.0,1.0,4.0,8.0,10.0,w2
9BEA6C9DB5,2.0,5.0,-2.0,-4.0,-4.0,w2
E8CAF434F7,1.0,4.0,-1.0,-1.0,-1.0,w2
7FD902EB10,2.0,2.0,2.0,5.0,5.0,w2
98A81D34D7,3.0,0.0,4.0,7.0,8.0,w2
96DEC65917,4.0,0.0,4.0,8.0,9.0,w2
A5681E5255,2.0,0.0,4.0,7.0,7.0,w2
86163A84A6,7.0,2.0,6.0,11.0,11.0,w2
5697C774D7,1.0,0.0,4.0,8.0,8.0,w2
D3DC3BCB7C,3.0,1.0,4.0,7.0,8.0,w2
78C34F49FC,4.0,0.0,5.0,10.0,10.0,w2
29011499F5,4.0,0.0,3.0,9.0,9.0,w2
FC89289BA0,4.0,1.0,4.0,7.0,7.0,w2
CAF5ED1FC8,2.0,1.0,2.0,5.0,5.0,w2
60A2F9951E,5.0,1.0,4.0,8.0,8.0,w2
368439AD35,4.0,0.0,5.0,10.0,10.0,w2
96784B9F8B,3.0,0.0,5.0,10.0,10.0,w2
E2765D37A0,5.0,0.0,5.0,10.0,10.0,w2
EBD73717FB,5.0,2.0,3.0,7.0,7.0,w2
FCBA535A90,4.0,1.0,3.0,7.0,7.0,w2
AC16FAA012,3.0,2.0,2.0,4.0,4.0,w2
16414B7049,6.0,0.0,6.0,12.0,12.0,w2
3A1F398F39,4.0,1.0,4.0,10.0,11.0,w2
3BD1A78B42,3.0,0.0,3.0,6.0,6.0,w2
B0153A3726,10.0,0.0,11.0,22.0,23.0,w2
898536F4BE,5.0,0.0,5.0,10.0,10.0,w2
316E314FA1,2.0,1.0,2.0,4.0,4.0,w2
714EBA3882,4.0,2.0,2.0,5.0,5.0,w2
54187593C2,9.0,0.0,9.0,19.0,19.0,w2
D837103699,4.0,1.0,4.0,8.0,8.0,w2
1B7875A0BB,6.0,0.0,8.0,17.0,17.0,w2
7048959DCC,6.0,0.0,6.0,13.0,13.0,w2
DC0F7DB311,6.0,0.0,7.0,13.0,13.0,w2
1590F9F75A,4.0,0.0,4.0,8.0,8.0,w2
