asin,demand,constraint,submitted,confirmed,tr,u_confirmed,received,week
16C7FFAB1E,2.0,0.0,1.0,1.0,3.0,-1.0,-1.0,w1
D8DF5B499C,0.0,2.0,-2.0,-1.0,0.0,-2.0,-1.0,w1
4947BA5431,3.0,1.0,3.0,3.0,2.0,1.0,1.0,w1
307C702C70,4.0,1.0,3.0,3.0,4.0,-1.0,-1.0,w1
85F7B7B5F4,1.0,0.0,1.0,1.0,2.0,-1.0,-1.0,w1
A4760F3092,1.0,0.0,3.0,3.0,2.0,0.0,0.0,w1
A1C476B1F2,1.0,2.0,1.0,1.0,1.0,1.0,1.0,w1
6FAAD20426,3.0,1.0,2.0,2.0,3.0,-1.0,-1.0,w1
277D1E8809,4.0,1.0,4.0,4.0,4.0,-0.0,-0.0,w1
ECC2EA5E6D,3.0,0.0,4.0,4.0,4.0,-0.0,-0.0,w1
0F00A30E45,2.0,0.0,3.0,3.0,3.0,-0.0,-0.0,w1
D320365B23,4.0,2.0,2.0,2.0,2.0,0.0,0.0,w1
1301E4E197,3.0,1.0,4.0,4.0,4.0,0.0,1.0,w1
BFA8B7EDE8,1.0,1.0,2.0,2.0,2.0,1.0,1.0,w1
62C91A2A34,2.0,0.0,3.0,3.0,3.0,0.0,0.0,w1
E0FCF2FBEB,2.0,1.0,2.0,2.0,1.0,1.0,1.0,w1
33CDD2A403,2.0,0.0,2.0,2.0,1.0,1.0,1.0,w1
D720739951,2.0,1.0,1.0,1.0,1.0,0.0,0.0,w1
68A2B9886C,0.0,1.0,0.0,0.0,1.0,-0.0,-0.0,w1
F6D4C8A3D1,1.0,0.0,1.0,1.0,1.0,-0.0,-0.0,w1
BA071D772A,1.0,0.0,2.0,2.0,1.0,1.0,1.0,w1
955CBEAA85,1.0,2.0,-0.0,-0.0,0.0,-1.0,-1.0,w1
89D9937E03,1.0,0.0,2.0,2.0,2.0,0.0,0.0,w1
2639E1A30A,0.0,2.0,-1.0,0.0,4.0,-4.0,-4.0,w1
9403C0FB6F,4.0,1.0,4.0,4.0,2.0,1.0,1.0,w1
2DB37B309E,1.0,1.0,2.0,2.0,2.0,0.0,0.0,w1
E32F04A610,1.0,1.0,0.0,0.0,1.0,-1.0,-1.0,w1
47D767A73A,2.0,1.0,1.0,1.0,1.0,1.0,1.0,w1
833BEEE75F,2.0,1.0,7.0,7.0,5.0,3.0,3.0,w1
E212E6D274,1.0,1.0,2.0,2.0,2.0,1.0,1.0,w1
4124D645FA,4.0,5.0,0.0,0.0,1.0,-0.0,1.0,w1
7CFE4F88F7,3.0,0.0,7.0,7.0,4.0,3.0,3.0,w1
0BE41A9045,1.0,1.0,2.0,2.0,1.0,1.0,1.0,w1
D1552AB223,0.0,1.0,4.0,4.0,2.0,2.0,2.0,w1
E16C0EA408,2.0,1.0,2.0,2.0,3.0,-1.0,-1.0,w1
B288467F0E,1.0,1.0,0.0,1.0,1.0,-0.0,-0.0,w1
F86622636B,0.0,1.0,0.0,0.0,2.0,-2.0,-2.0,w1
0151D4DB04,1.0,0.0,3.0,3.0,4.0,-2.0,-1.0,w1
2039F913C7,1.0,1.0,1.0,1.0,2.0,-0.0,-0.0,w1
6260AD714F,1.0,2.0,-0.0,-0.0,1.0,-1.0,-1.0,w1
676049C8CF,1.0,0.0,1.0,1.0,2.0,-1.0,-1.0,w1
CCA14ABB12,1.0,0.0,1.0,2.0,3.0,-1.0,-1.0,w1
66D47E1D75,3.0,1.0,3.0,3.0,4.0,-1.0,-1.0,w1
8C4247251D,2.0,0.0,3.0,3.0,2.0,0.0,0.0,w1
8EAB90759A,4.0,0.0,4.0,4.0,3.0,1.0,1.0,w1
6458F8AC60,4.0,2.0,3.0,4.0,3.0,1.0,1.0,w1
1F5F0DCB10,1.0,2.0,0.0,0.0,1.0,-1.0,-1.0,w1
36FED6D9BF,1.0,1.0,2.0,3.0,2.0,1.0,1.0,w1
8D881374FF,1.0,0.0,4.0,4.0,2.0,1.0,2.0,w1
0EA67F0E63,5.0,0.0,6.0,6.0,4.0,2.0,2.0,w1
C6926B9888,2.0,1.0,1.0,1.0,2.0,-1.0,1.0,w1
AC0975F7B2,2.0,1.0,1.0,1.0,1.0,-0.0,-0.0,w1
74A685EDB3,3.0,1.0,3.0,3.0,3.0,-0.0,-0.0,w1
670196634A,1.0,0.0,1.0,1.0,1.0,0.0,0.0,w1
27DF523652,3.0,1.0,4.0,4.0,3.0,1.0,1.0,w1
3A767EEB9D,3.0,1.0,2.0,2.0,2.0,0.0,0.0,w1
E30D41117A,3.0,4.0,-1.0,-1.0,0.0,-1.0,-1.0,w1
0BD6B55002,1.0,0.0,3.0,3.0,2.0,2.0,2.0,w1
85F779851A,3.0,0.0,3.0,3.0,3.0,0.0,0.0,w1
5412AFD37B,4.0,0.0,5.0,7.0,4.0,3.0,3.0,w1
ED2F26E1BE,2.0,2.0,-0.0,-0.0,0.0,-0.0,-0.0,w1
BD9354EEE4,2.0,0.0,5.0,6.0,3.0,3.0,3.0,w1
76E9EBA397,2.0,3.0,1.0,1.0,1.0,-0.0,-0.0,w1
5211FBB7A7,2.0,1.0,2.0,2.0,3.0,-0.0,-0.0,w1
D77FDCDD71,1.0,1.0,-0.0,-0.0,3.0,-3.0,-3.0,w1
899C7B429F,2.0,0.0,4.0,4.0,3.0,2.0,2.0,w1
20353450EF,1.0,1.0,1.0,1.0,1.0,0.0,1.0,w1
5BDFF185B3,2.0,2.0,2.0,2.0,2.0,0.0,1.0,w1
DAFEB8F1F5,1.0,0.0,6.0,6.0,3.0,3.0,3.0,w1
BC197165B8,2.0,1.0,1.0,1.0,2.0,-1.0,-1.0,w1
1384DF37A6,1.0,0.0,2.0,2.0,2.0,-0.0,-0.0,w1
0B5150E851,0.0,1.0,1.0,1.0,2.0,-1.0,-1.0,w1
C6DD0BC1EF,1.0,2.0,-1.0,-1.0,1.0,-1.0,-1.0,w1
F32062816F,3.0,1.0,2.0,2.0,3.0,-1.0,-1.0,w1
1B726EAD4A,2.0,1.0,3.0,3.0,3.0,-0.0,-0.0,w1
4B3EF8B54E,1.0,1.0,0.0,0.0,0.0,-0.0,-0.0,w1
8F8A94ED69,2.0,0.0,2.0,2.0,3.0,-1.0,-1.0,w1
C11DEE156D,1.0,0.0,1.0,1.0,4.0,-3.0,-3.0,w1
9F6D0A2345,1.0,1.0,1.0,1.0,1.0,0.0,0.0,w1
ABA318B3C3,2.0,2.0,0.0,0.0,0.0,-0.0,-0.0,w1
CEE24F8EE9,2.0,0.0,3.0,3.0,4.0,-1.0,-1.0,w1
86F5C4701E,2.0,0.0,3.0,5.0,4.0,1.0,1.0,w1
5454F42973,3.0,3.0,-0.0,-0.0,5.0,-5.0,-5.0,w1
40041DDD95,1.0,2.0,1.0,1.0,2.0,-1.0,-1.0,w1
DA99A0340F,0.0,1.0,-1.0,-1.0,2.0,-2.0,-2.0,w1
41C9103C1D,2.0,1.0,2.0,2.0,2.0,-0.0,-0.0,w1
E9F1E615E0,1.0,0.0,1.0,1.0,3.0,-2.0,-2.0,w1
D018285A0A,1.0,1.0,2.0,2.0,1.0,1.0,1.0,w1
EEEC67D8A3,3.0,0.0,3.0,3.0,2.0,1.0,1.0,w1
400BA7E97B,1.0,2.0,-1.0,-1.0,0.0,-1.0,-1.0,w1
FAA62F5630,2.0,0.0,2.0,2.0,2.0,0.0,0.0,w1
E292C1F43E,1.0,1.0,1.0,1.0,5.0,-4.0,-4.0,w1
9FE561BDEC,3.0,1.0,2.0,2.0,5.0,-3.0,-3.0,w1
03F33A0360,1.0,0.0,2.0,2.0,1.0,1.0,1.0,w1
CAB78F135E,5.0,0.0,5.0,5.0,3.0,2.0,2.0,w1
0A028FA59B,0.0,1.0,0.0,0.0,1.0,-1.0,-1.0,w1
40178E1555,3.0,3.0,3.0,3.0,2.0,1.0,1.0,w1
439FE38F8D,0.0,1.0,0.0,0.0,1.0,-1.0,-1.0,w1
8A6E4C565C,2.0,0.0,2.0,2.0,2.0,0.0,0.0,w1
2D1FD49614,0.0,2.0,-1.0,-1.0,-0.0,-1.0,-1.0,w1
F4C7334D28,1.0,1.0,1.0,1.0,2.0,-1.0,-1.0,w1
65B250555B,4.0,3.0,2.0,2.0,2.0,1.0,1.0,w1
966033FB35,2.0,0.0,2.0,2.0,1.0,1.0,1.0,w1
70E247B5FE,3.0,1.0,3.0,3.0,3.0,-1.0,-1.0,w1
EE5714515F,2.0,0.0,3.0,3.0,2.0,1.0,1.0,w1
BCBD28B930,0.0,0.0,1.0,1.0,1.0,-0.0,-0.0,w1
BC19790B36,2.0,1.0,3.0,3.0,4.0,-1.0,-1.0,w1
1F888EEBA9,1.0,0.0,3.0,3.0,2.0,1.0,1.0,w1
47FB46A045,3.0,1.0,3.0,3.0,1.0,1.0,1.0,w1
CE7912CD18,2.0,0.0,2.0,2.0,3.0,-1.0,-1.0,w1
4CF9E043A6,7.0,2.0,5.0,5.0,7.0,-1.0,-1.0,w1
E7E5057C09,1.0,0.0,1.0,1.0,1.0,-0.0,1.0,w1
AFEB09461A,1.0,0.0,4.0,4.0,3.0,1.0,1.0,w1
F8FEE0BA7B,2.0,1.0,1.0,1.0,1.0,0.0,0.0,w1
B1F92214CF,4.0,3.0,2.0,2.0,1.0,1.0,1.0,w1
DF09DE616E,3.0,0.0,3.0,3.0,2.0,1.0,1.0,w1
EBBADED0D8,3.0,0.0,3.0,3.0,3.0,0.0,0.0,w1
05ADCB092B,1.0,0.0,1.0,2.0,1.0,0.0,0.0,w1
B752F0ECD6,1.0,1.0,0.0,0.0,1.0,-1.0,-1.0,w1
3134A5CC75,4.0,0.0,4.0,4.0,2.0,2.0,2.0,w1
F6BF9C060D,2.0,1.0,3.0,3.0,4.0,-1.0,-1.0,w1
7C244FC606,4.0,1.0,5.0,5.0,3.0,2.0,2.0,w1
B059EE39F4,5.0,0.0,5.0,5.0,3.0,2.0,2.0,w1
C828FF16FA,0.0,0.0,1.0,2.0,3.0,-1.0,-1.0,w1
0F00956384,1.0,1.0,1.0,1.0,2.0,-1.0,-1.0,w1
34C0EDF8D6,2.0,2.0,0.0,0.0,1.0,-0.0,0.0,w1
8F9E338B58,1.0,2.0,-1.0,-1.0,0.0,-1.0,-1.0,w1
8ADA88D234,6.0,3.0,4.0,4.0,3.0,1.0,1.0,w1
9110D40375,4.0,1.0,4.0,4.0,4.0,1.0,1.0,w1
BC75D595C3,1.0,0.0,1.0,1.0,1.0,0.0,0.0,w1
40629F8392,1.0,2.0,-0.0,-0.0,0.0,-1.0,-1.0,w1
3DC648C0A3,0.0,1.0,0.0,0.0,1.0,-1.0,-1.0,w1
CD1A430CB9,3.0,0.0,4.0,4.0,3.0,0.0,1.0,w1
B93A18D71F,1.0,0.0,2.0,2.0,1.0,1.0,1.0,w1
5CD3ED3130,2.0,0.0,3.0,3.0,2.0,0.0,0.0,w1
25301611F7,2.0,1.0,2.0,2.0,1.0,1.0,1.0,w1
C74F1CAF71,2.0,0.0,2.0,2.0,1.0,1.0,3.0,w1
6CFFA64F14,5.0,0.0,6.0,6.0,4.0,2.0,2.0,w1
46FAB8A2B6,2.0,1.0,1.0,1.0,1.0,-0.0,-0.0,w1
948C3F1416,2.0,1.0,1.0,1.0,3.0,-1.0,-1.0,w1
CA06F712D3,1.0,0.0,1.0,1.0,6.0,-5.0,-5.0,w1
7772428434,2.0,0.0,2.0,2.0,2.0,-0.0,-0.0,w1
A4033CE01A,2.0,2.0,1.0,1.0,1.0,-0.0,-0.0,w1
5227AFB7A3,2.0,0.0,5.0,5.0,3.0,2.0,2.0,w1
2BAD7D907C,3.0,0.0,3.0,3.0,3.0,-0.0,-0.0,w1
70C2C924BB,2.0,2.0,2.0,2.0,2.0,0.0,0.0,w1
12BE82DF76,5.0,0.0,5.0,5.0,3.0,2.0,2.0,w1
CD230EAA38,1.0,0.0,2.0,2.0,1.0,1.0,1.0,w1
58BF06B98C,3.0,0.0,3.0,3.0,2.0,1.0,1.0,w1
E0B23017AB,2.0,1.0,2.0,2.0,1.0,1.0,1.0,w1
DA2D072E4F,2.0,0.0,4.0,4.0,2.0,2.0,2.0,w1
45217FBE7A,1.0,0.0,1.0,3.0,2.0,1.0,1.0,w1
129D5B91A0,3.0,1.0,3.0,3.0,2.0,1.0,1.0,w1
7E5E396CE1,1.0,2.0,-1.0,-1.0,2.0,-3.0,-2.0,w1
EB1569AAAC,3.0,1.0,3.0,3.0,2.0,0.0,0.0,w1
AFCD099E4F,4.0,1.0,3.0,3.0,3.0,0.0,0.0,w1
6B81CB9407,2.0,0.0,2.0,2.0,1.0,1.0,1.0,w1
68CEE6831C,3.0,0.0,5.0,5.0,3.0,2.0,2.0,w1
F5867663E6,3.0,0.0,3.0,3.0,2.0,2.0,2.0,w1
0C5D6E236C,0.0,0.0,1.0,1.0,2.0,-1.0,-1.0,w1
480C6BC6A7,5.0,1.0,5.0,5.0,4.0,1.0,1.0,w1
D3BA17B067,1.0,1.0,1.0,1.0,2.0,-0.0,-0.0,w1
9705C50A09,2.0,1.0,1.0,1.0,1.0,0.0,0.0,w1
88B8865A02,5.0,0.0,6.0,6.0,3.0,3.0,3.0,w1
BD3D19E310,1.0,0.0,2.0,2.0,1.0,1.0,1.0,w1
DFF1AF3E69,3.0,3.0,2.0,2.0,1.0,1.0,1.0,w1
36FB3BD47A,0.0,2.0,-0.0,0.0,1.0,-1.0,-1.0,w1
226E7D3CFE,3.0,3.0,0.0,0.0,3.0,-3.0,-3.0,w1
A6B07C103F,1.0,1.0,0.0,0.0,8.0,-8.0,-8.0,w1
B5B4C31807,4.0,1.0,5.0,5.0,2.0,2.0,3.0,w1
55A1D14D53,1.0,1.0,0.0,0.0,1.0,-1.0,-1.0,w1
632B27A7D9,4.0,1.0,3.0,3.0,2.0,1.0,1.0,w1
374EBD0B9E,3.0,0.0,3.0,3.0,2.0,1.0,2.0,w1
5C0857660C,1.0,1.0,1.0,1.0,2.0,-1.0,-1.0,w1
AA49F639C1,2.0,2.0,0.0,0.0,1.0,-1.0,-1.0,w1
FCAD23A4B1,2.0,0.0,4.0,4.0,3.0,1.0,1.0,w1
98524FB032,1.0,1.0,1.0,1.0,3.0,-2.0,-2.0,w1
C458871546,0.0,0.0,1.0,1.0,5.0,-3.0,-3.0,w1
D9D77B31DF,1.0,0.0,1.0,1.0,1.0,1.0,1.0,w1
71A25CC078,2.0,0.0,2.0,2.0,1.0,1.0,1.0,w1
E5D456B20B,2.0,0.0,2.0,2.0,1.0,0.0,0.0,w1
2408F9DBEA,2.0,0.0,2.0,3.0,4.0,-1.0,-1.0,w1
DCDBA5697D,1.0,0.0,2.0,2.0,1.0,1.0,1.0,w1
04523FBB3F,2.0,0.0,1.0,1.0,1.0,1.0,1.0,w1
6380843342,2.0,0.0,2.0,2.0,1.0,0.0,0.0,w1
F5AE62FFAF,1.0,1.0,3.0,3.0,2.0,1.0,2.0,w1
8BE200BA35,1.0,1.0,0.0,0.0,0.0,-0.0,-0.0,w1
336B538FC6,1.0,1.0,2.0,2.0,1.0,1.0,1.0,w1
C8DBE3474F,5.0,2.0,4.0,4.0,3.0,1.0,1.0,w1
D2B59CB782,1.0,0.0,1.0,1.0,1.0,-0.0,-0.0,w1
E07D243BBE,2.0,1.0,1.0,1.0,1.0,0.0,0.0,w1
AC25685C16,2.0,3.0,-1.0,-1.0,2.0,-4.0,-4.0,w1
3036668E04,2.0,0.0,3.0,4.0,3.0,1.0,1.0,w1
DE2BD4ECD4,6.0,2.0,6.0,6.0,3.0,3.0,3.0,w1
0A9E2F0C77,2.0,1.0,4.0,4.0,2.0,1.0,1.0,w1
6264E29853,2.0,2.0,1.0,1.0,1.0,-0.0,0.0,w1
B47EBE8980,2.0,0.0,4.0,4.0,7.0,-3.0,-3.0,w1
B176581468,1.0,1.0,1.0,1.0,2.0,-1.0,-1.0,w1
93471001C7,3.0,1.0,2.0,3.0,2.0,1.0,1.0,w1
DFEE2FDCD8,1.0,2.0,-1.0,-1.0,0.0,-1.0,-1.0,w1
F49274F33F,0.0,1.0,2.0,2.0,3.0,-1.0,-1.0,w1
1144871211,5.0,2.0,5.0,5.0,3.0,2.0,2.0,w1
551D47F31B,1.0,0.0,1.0,1.0,1.0,1.0,1.0,w1
610FE27023,3.0,0.0,4.0,4.0,3.0,1.0,1.0,w1
96A84F4E83,1.0,0.0,1.0,2.0,2.0,1.0,1.0,w1
97B2D41696,1.0,0.0,3.0,3.0,3.0,0.0,0.0,w1
00A29E4D55,1.0,0.0,1.0,1.0,2.0,-0.0,-0.0,w1
A466642F1F,5.0,2.0,4.0,4.0,2.0,1.0,1.0,w1
23FFF78524,1.0,0.0,1.0,1.0,1.0,0.0,1.0,w1
791A655667,1.0,2.0,-1.0,-1.0,3.0,-4.0,-3.0,w1
CA2372138E,1.0,2.0,-0.0,-0.0,1.0,-1.0,-1.0,w1
7F099F525B,1.0,2.0,-1.0,-1.0,0.0,-1.0,-1.0,w1
3F17B1A671,1.0,0.0,2.0,2.0,1.0,1.0,1.0,w1
097915DB1F,2.0,0.0,2.0,2.0,1.0,1.0,1.0,w1
FD33607789,0.0,0.0,1.0,1.0,1.0,1.0,1.0,w1
235FAA0D78,2.0,0.0,6.0,6.0,4.0,2.0,2.0,w1
118C154639,2.0,0.0,1.0,2.0,2.0,0.0,0.0,w1
272E587F73,3.0,2.0,4.0,4.0,2.0,2.0,2.0,w1
12B05B3419,1.0,0.0,1.0,1.0,2.0,-1.0,-1.0,w1
5C1CC8FD0B,1.0,1.0,4.0,4.0,2.0,2.0,2.0,w1
308470E3C8,1.0,1.0,1.0,1.0,5.0,-3.0,-3.0,w1
9C224B65B1,0.0,1.0,1.0,1.0,1.0,0.0,0.0,w1
FCEB34EBF5,3.0,1.0,4.0,4.0,3.0,1.0,1.0,w1
67300E4127,4.0,2.0,3.0,3.0,2.0,1.0,1.0,w1
92FCD21FC3,1.0,0.0,2.0,2.0,1.0,1.0,1.0,w1
F56C93D79D,1.0,0.0,1.0,1.0,4.0,-4.0,-3.0,w1
B31D1188EA,1.0,0.0,4.0,4.0,6.0,-2.0,-2.0,w1
46437A3133,3.0,0.0,3.0,3.0,2.0,0.0,0.0,w1
3B506286E5,2.0,1.0,4.0,4.0,3.0,1.0,1.0,w1
6E6E473504,3.0,0.0,3.0,3.0,3.0,0.0,1.0,w1
D4AFDDFAFD,1.0,0.0,3.0,3.0,2.0,1.0,1.0,w1
C65E3D27E9,2.0,1.0,6.0,6.0,5.0,1.0,1.0,w1
4E72F09D62,1.0,0.0,1.0,1.0,1.0,0.0,0.0,w1
9FA81A3759,2.0,0.0,3.0,3.0,3.0,0.0,1.0,w1
25379EB5D9,1.0,2.0,-1.0,-1.0,0.0,-1.0,-1.0,w1
B88EEE9943,1.0,2.0,-0.0,-0.0,-0.0,-0.0,-0.0,w1
410B8DC9FC,0.0,1.0,-1.0,-1.0,0.0,-1.0,-1.0,w1
4E33F80CE7,1.0,1.0,1.0,1.0,5.0,-4.0,-4.0,w1
F6BE21FF2D,6.0,1.0,4.0,4.0,3.0,1.0,1.0,w1
C9EA0BD95D,1.0,1.0,3.0,3.0,2.0,1.0,1.0,w1
A344BDDA72,2.0,1.0,2.0,3.0,1.0,1.0,1.0,w1
6516738C9C,2.0,0.0,4.0,4.0,4.0,-1.0,-1.0,w1
CB641DB988,2.0,2.0,1.0,1.0,3.0,-2.0,-2.0,w1
7151CE9651,0.0,0.0,3.0,3.0,3.0,0.0,0.0,w1
5BD27A70EA,0.0,0.0,1.0,1.0,1.0,-0.0,-0.0,w1
0AAE034205,1.0,0.0,1.0,1.0,3.0,-2.0,-2.0,w1
042A7B9E25,1.0,1.0,3.0,3.0,2.0,1.0,1.0,w1
6513D7FCED,0.0,0.0,1.0,1.0,1.0,-1.0,-1.0,w1
81378A92DC,2.0,0.0,2.0,3.0,2.0,1.0,1.0,w1
810BE3290A,1.0,1.0,2.0,2.0,1.0,1.0,1.0,w1
0B291015A1,2.0,0.0,2.0,2.0,6.0,-4.0,-4.0,w1
DFB4E38D05,2.0,1.0,2.0,2.0,1.0,1.0,1.0,w1
35F4BBC0B5,1.0,2.0,-1.0,-1.0,1.0,-2.0,-2.0,w1
ED8948AD2C,1.0,0.0,2.0,2.0,3.0,-1.0,-1.0,w1
A212C94821,1.0,0.0,2.0,2.0,2.0,1.0,1.0,w1
82E392C091,0.0,1.0,0.0,0.0,1.0,-1.0,-1.0,w1
C068B95115,0.0,0.0,1.0,1.0,2.0,-1.0,-1.0,w1
E33E96A858,2.0,1.0,3.0,3.0,3.0,0.0,0.0,w1
07B644BD94,1.0,2.0,-1.0,-1.0,-0.0,-0.0,-0.0,w1
358D78C54C,3.0,0.0,3.0,3.0,3.0,-1.0,1.0,w1
73AA196D94,0.0,2.0,4.0,4.0,6.0,-3.0,-3.0,w1
11DBAC45B6,2.0,1.0,3.0,5.0,3.0,2.0,2.0,w1
9205064406,2.0,0.0,2.0,2.0,2.0,0.0,0.0,w1
1A9CD3C70F,4.0,2.0,3.0,3.0,2.0,1.0,1.0,w1
63BF54DCE9,2.0,3.0,-0.0,0.0,3.0,-2.0,-2.0,w1
866627145D,5.0,1.0,6.0,6.0,3.0,3.0,3.0,w1
B9955FF9B1,1.0,5.0,-3.0,-3.0,1.0,-4.0,-4.0,w1
FE52EB434C,3.0,2.0,1.0,1.0,1.0,0.0,0.0,w1
58AAAC6ECF,1.0,0.0,2.0,2.0,2.0,1.0,1.0,w1
808ED74700,3.0,3.0,1.0,2.0,2.0,-0.0,0.0,w1
906466D7A8,2.0,0.0,2.0,2.0,2.0,-0.0,-0.0,w1
48A3D51C95,1.0,1.0,2.0,2.0,2.0,0.0,0.0,w1
0ECA44FF29,2.0,1.0,2.0,2.0,1.0,0.0,0.0,w1
3CFB7C6A97,0.0,0.0,0.0,0.0,2.0,-2.0,-2.0,w1
49A3E5AE7C,0.0,0.0,1.0,1.0,1.0,0.0,1.0,w1
AD6611A935,2.0,0.0,3.0,3.0,6.0,-3.0,-3.0,w1
266AD08EE2,0.0,1.0,-0.0,-0.0,0.0,-0.0,-0.0,w1
BF4CEF3C03,1.0,1.0,2.0,2.0,2.0,-0.0,-0.0,w1
15764AB306,2.0,0.0,3.0,3.0,4.0,-0.0,-0.0,w1
A8578C60B5,5.0,1.0,4.0,4.0,3.0,1.0,1.0,w1
C4F6317359,2.0,1.0,1.0,1.0,2.0,-1.0,-1.0,w1
9E876A066F,1.0,0.0,1.0,4.0,2.0,2.0,2.0,w1
57ABA81F9F,1.0,2.0,-0.0,-0.0,2.0,-2.0,-2.0,w1
274A7596C1,1.0,1.0,0.0,1.0,0.0,0.0,0.0,w1
38127889CC,1.0,1.0,1.0,1.0,2.0,-1.0,-1.0,w1
42B47EE14D,2.0,1.0,3.0,3.0,2.0,1.0,1.0,w1
1C03114184,3.0,1.0,1.0,1.0,1.0,0.0,0.0,w1
73BBD33F2C,1.0,1.0,0.0,0.0,1.0,-1.0,-1.0,w1
5D5B880754,4.0,1.0,4.0,4.0,2.0,2.0,2.0,w1
651578240C,0.0,1.0,0.0,0.0,1.0,-1.0,-1.0,w1
6E64FCA904,1.0,1.0,2.0,2.0,1.0,1.0,1.0,w1
06ED2663BD,2.0,0.0,3.0,3.0,4.0,-1.0,-1.0,w1
04380DB6DC,1.0,0.0,2.0,2.0,2.0,0.0,0.0,w1
3DDEA592BC,1.0,1.0,1.0,1.0,1.0,-0.0,-0.0,w1
392396B25C,0.0,3.0,-2.0,-2.0,-0.0,-1.0,-1.0,w1
4ACFE62E92,3.0,1.0,1.0,1.0,1.0,0.0,0.0,w1
267DA9FD32,1.0,2.0,-0.0,-0.0,4.0,-4.0,-4.0,w1
30B93E15B0,1.0,0.0,2.0,2.0,2.0,-0.0,0.0,w1
95E90AFE18,0.0,1.0,0.0,0.0,1.0,-0.0,-0.0,w1
19D938449B,1.0,0.0,1.0,1.0,1.0,0.0,0.0,w1
B0C7AA2CFF,0.0,1.0,4.0,4.0,3.0,1.0,1.0,w1
C0FC894A10,2.0,3.0,0.0,0.0,1.0,-1.0,-1.0,w1
5C1135B59F,1.0,0.0,1.0,1.0,3.0,-2.0,-2.0,w1
9F22694878,2.0,2.0,-0.0,1.0,1.0,-0.0,-0.0,w1
9FB0F7D867,1.0,1.0,1.0,1.0,1.0,-0.0,-0.0,w1
1B40943C23,3.0,2.0,2.0,2.0,1.0,0.0,0.0,w1
85F4AF8A3F,3.0,0.0,3.0,3.0,8.0,-4.0,-4.0,w1
6163BC17CB,2.0,0.0,2.0,2.0,2.0,1.0,1.0,w1
2B948FE384,1.0,1.0,1.0,1.0,1.0,0.0,0.0,w1
240D99DD9E,2.0,1.0,0.0,0.0,1.0,-1.0,-1.0,w1
F2ACE90E99,3.0,1.0,2.0,2.0,2.0,-0.0,-0.0,w1
DFD7CAAE95,2.0,1.0,1.0,1.0,1.0,0.0,0.0,w1
C52FF7B27C,1.0,1.0,0.0,0.0,1.0,-1.0,-1.0,w1
77E0BF855F,0.0,1.0,0.0,0.0,0.0,-0.0,-0.0,w1
CED4C066D1,1.0,4.0,-3.0,-3.0,-1.0,-2.0,-2.0,w1
A20548A857,0.0,1.0,-0.0,0.0,2.0,-2.0,-2.0,w1
FEDF5CF34A,2.0,0.0,1.0,1.0,2.0,-1.0,-1.0,w1
4BB5B446F0,0.0,2.0,-1.0,-1.0,0.0,-1.0,-1.0,w1
1BE894FB39,1.0,0.0,3.0,3.0,1.0,1.0,1.0,w1
056D3AA56E,1.0,1.0,-0.0,0.0,0.0,-0.0,-0.0,w1
DA1F353C65,1.0,1.0,0.0,0.0,0.0,-0.0,0.0,w1
25FF525C0E,3.0,1.0,3.0,3.0,1.0,1.0,1.0,w1
58739D9B7C,1.0,0.0,1.0,1.0,1.0,0.0,0.0,w1
5B9E4E787E,0.0,1.0,3.0,3.0,2.0,1.0,1.0,w1
AF248270E7,1.0,3.0,1.0,1.0,0.0,0.0,0.0,w1
F564C3BC5F,1.0,1.0,2.0,2.0,2.0,0.0,0.0,w1
2B66866CAD,1.0,0.0,1.0,1.0,1.0,-0.0,-0.0,w1
EC17033FFB,2.0,3.0,2.0,2.0,2.0,-0.0,-0.0,w1
5CC4801816,2.0,0.0,2.0,2.0,3.0,-1.0,0.0,w1
B592BA7F4B,2.0,1.0,1.0,1.0,1.0,1.0,1.0,w1
1D6C8A9DDD,3.0,1.0,3.0,3.0,2.0,1.0,1.0,w1
218CB4911D,0.0,2.0,-2.0,-1.0,1.0,-2.0,-2.0,w1
1D163A537F,1.0,0.0,1.0,1.0,1.0,1.0,1.0,w1
2C9A75069A,1.0,0.0,1.0,1.0,1.0,-0.0,1.0,w1
C543191A08,2.0,2.0,1.0,1.0,1.0,0.0,0.0,w1
82254605D8,3.0,0.0,3.0,3.0,4.0,-1.0,-1.0,w1
8F4EA6305F,3.0,0.0,4.0,4.0,2.0,2.0,2.0,w1
9A0215A899,2.0,1.0,2.0,2.0,1.0,1.0,1.0,w1
1C08596D64,2.0,0.0,2.0,2.0,2.0,-0.0,-0.0,w1
4738905F72,1.0,0.0,2.0,2.0,1.0,1.0,1.0,w1
ECC3B709F5,4.0,1.0,4.0,4.0,3.0,2.0,3.0,w1
B7D442D202,2.0,0.0,2.0,2.0,3.0,-1.0,-1.0,w1
A821211E2A,4.0,6.0,2.0,2.0,1.0,1.0,1.0,w1
7307745CAB,1.0,0.0,4.0,4.0,3.0,1.0,2.0,w1
C1C8A9CEB5,4.0,1.0,3.0,3.0,2.0,0.0,0.0,w1
2997505CFD,1.0,1.0,0.0,0.0,0.0,0.0,0.0,w1
92E90957AF,1.0,1.0,1.0,1.0,1.0,0.0,0.0,w1
5D14486759,4.0,0.0,8.0,8.0,4.0,4.0,4.0,w1
632BDAEF03,4.0,1.0,4.0,4.0,4.0,0.0,0.0,w1
55DE4B092A,0.0,7.0,-6.0,-6.0,-2.0,-4.0,-4.0,w1
A98985DBC5,2.0,2.0,2.0,2.0,2.0,0.0,0.0,w1
68B809035E,1.0,2.0,3.0,3.0,2.0,0.0,0.0,w1
1DDEB3A8A1,2.0,0.0,8.0,8.0,5.0,3.0,3.0,w1
CCB6C69D97,1.0,1.0,1.0,1.0,1.0,0.0,0.0,w1
42985FF9E1,5.0,1.0,6.0,6.0,3.0,3.0,3.0,w1
0904762E49,3.0,1.0,4.0,4.0,2.0,1.0,1.0,w1
9CBB25887A,1.0,0.0,1.0,1.0,1.0,0.0,0.0,w1
0776DEEAF7,1.0,0.0,1.0,2.0,2.0,-0.0,-0.0,w1
132B48716E,3.0,4.0,-0.0,-0.0,2.0,-2.0,-1.0,w1
62780B2F1A,1.0,0.0,1.0,1.0,1.0,-0.0,-0.0,w1
8F95D46C5A,4.0,1.0,3.0,3.0,4.0,-1.0,-1.0,w1
EFCCB82303,3.0,0.0,4.0,4.0,4.0,-0.0,-0.0,w1
0478DA1668,1.0,2.0,-0.0,-0.0,3.0,-4.0,-4.0,w1
88058B3549,3.0,3.0,1.0,1.0,2.0,-2.0,-2.0,w1
C8BED1BAF6,2.0,1.0,3.0,3.0,2.0,1.0,1.0,w1
AF43F1DFDC,2.0,1.0,4.0,4.0,3.0,0.0,0.0,w1
9C2F2F2F0D,0.0,2.0,-0.0,-0.0,0.0,-0.0,-0.0,w1
F694F62839,2.0,1.0,1.0,1.0,1.0,0.0,0.0,w1
3E99CEEB9B,1.0,0.0,1.0,1.0,1.0,0.0,0.0,w1
3B359F5FE7,3.0,1.0,2.0,2.0,1.0,1.0,1.0,w1
C880619CA5,0.0,3.0,-2.0,-2.0,2.0,-4.0,-4.0,w1
8ED2F6CA41,2.0,1.0,2.0,2.0,1.0,1.0,1.0,w1
2B67C9D7E0,2.0,1.0,4.0,4.0,5.0,-1.0,-1.0,w1
EC85FC6FF2,3.0,1.0,3.0,3.0,2.0,1.0,1.0,w1
79E0ADAC31,1.0,0.0,2.0,2.0,1.0,1.0,1.0,w1
C0125D28E7,2.0,3.0,0.0,0.0,1.0,-1.0,-1.0,w1
4C7ABAFA6B,0.0,1.0,-0.0,-0.0,2.0,-2.0,-0.0,w1
0CFFC45B4E,1.0,1.0,0.0,0.0,0.0,-0.0,-0.0,w1
1596AB07E1,2.0,2.0,1.0,2.0,1.0,0.0,0.0,w1
52A2863993,2.0,0.0,2.0,2.0,2.0,1.0,1.0,w1
DFFAC7D304,2.0,1.0,1.0,1.0,1.0,-1.0,-1.0,w1
B95BF52680,1.0,1.0,5.0,5.0,3.0,3.0,3.0,w1
B7CD0F5A00,1.0,0.0,1.0,1.0,1.0,0.0,0.0,w1
CD00C5B5F3,3.0,1.0,4.0,6.0,3.0,3.0,3.0,w1
CBAEDC285A,3.0,1.0,3.0,5.0,3.0,2.0,2.0,w1
669BC754D9,2.0,1.0,2.0,2.0,3.0,-1.0,-1.0,w1
FE93441632,1.0,0.0,1.0,1.0,1.0,-0.0,-0.0,w1
9FD203AF8C,1.0,0.0,2.0,2.0,2.0,-0.0,-0.0,w1
136F630679,1.0,0.0,2.0,2.0,1.0,1.0,1.0,w1
ACB9A59F42,3.0,0.0,6.0,6.0,4.0,2.0,2.0,w1
60172730AB,1.0,1.0,1.0,1.0,5.0,-4.0,-4.0,w1
571488613E,1.0,0.0,1.0,1.0,1.0,-0.0,-0.0,w1
B4D74EBA67,5.0,1.0,6.0,6.0,3.0,3.0,3.0,w1
44BA208791,1.0,1.0,2.0,2.0,1.0,1.0,1.0,w1
D2782A8E35,1.0,0.0,2.0,2.0,6.0,-4.0,-4.0,w1
8ADB74CF43,2.0,0.0,2.0,2.0,3.0,-1.0,-1.0,w1
9528402820,3.0,1.0,4.0,5.0,5.0,0.0,0.0,w1
C27AB7D395,3.0,0.0,4.0,4.0,2.0,2.0,2.0,w1
6E2F70C4F0,3.0,0.0,6.0,6.0,3.0,3.0,3.0,w1
69F6881FFB,2.0,1.0,2.0,2.0,2.0,1.0,1.0,w1
492CA45719,2.0,1.0,2.0,2.0,1.0,1.0,1.0,w1
6B1134B532,0.0,0.0,1.0,1.0,1.0,0.0,0.0,w1
E39F6FCB9C,1.0,1.0,1.0,1.0,1.0,0.0,0.0,w1
4F219C2D94,2.0,2.0,1.0,1.0,1.0,-0.0,-0.0,w1
CB2BC78316,1.0,0.0,1.0,1.0,2.0,-1.0,-1.0,w1
D636988E71,3.0,2.0,2.0,2.0,2.0,-0.0,-0.0,w1
94A964BAD6,2.0,1.0,2.0,2.0,1.0,1.0,1.0,w1
B1C3C909B3,4.0,0.0,7.0,7.0,4.0,3.0,3.0,w1
AA74398232,1.0,0.0,2.0,2.0,1.0,1.0,1.0,w1
2F3D7846FF,2.0,0.0,2.0,2.0,1.0,1.0,1.0,w1
6BBA131C56,2.0,1.0,2.0,2.0,2.0,1.0,1.0,w1
112B3FBE3C,3.0,1.0,5.0,5.0,6.0,-1.0,-1.0,w1
A0310EC24E,3.0,2.0,2.0,3.0,2.0,1.0,1.0,w1
B56E42BA23,2.0,1.0,2.0,2.0,1.0,1.0,1.0,w1
DBE81B643E,3.0,3.0,1.0,1.0,2.0,-1.0,-1.0,w1
CF39EE5B9A,3.0,2.0,2.0,2.0,1.0,0.0,0.0,w1
FA53755411,2.0,4.0,0.0,0.0,2.0,-2.0,-2.0,w1
8174B8DC03,3.0,1.0,4.0,4.0,2.0,2.0,2.0,w1
AA6C74E2EF,2.0,1.0,1.0,1.0,2.0,-1.0,-1.0,w1
5B1465DB29,1.0,1.0,3.0,5.0,3.0,2.0,2.0,w1
B703626A96,4.0,0.0,4.0,4.0,4.0,1.0,1.0,w1
0FD14B2B17,1.0,0.0,1.0,2.0,1.0,1.0,1.0,w1
41EA851EC9,1.0,3.0,-2.0,-2.0,-1.0,-1.0,-1.0,w1
27BE5298E6,2.0,1.0,1.0,1.0,1.0,-0.0,-0.0,w1
1F894FF0CE,1.0,0.0,2.0,3.0,1.0,1.0,1.0,w1
5C4881009F,2.0,2.0,2.0,2.0,1.0,0.0,0.0,w1
C3FE57B2A8,1.0,1.0,2.0,2.0,3.0,-1.0,-1.0,w1
A42553883B,1.0,0.0,2.0,2.0,3.0,-1.0,-1.0,w1
A93999F8DA,0.0,0.0,2.0,2.0,3.0,-1.0,-1.0,w1
99452EBC59,2.0,1.0,3.0,3.0,3.0,0.0,2.0,w1
73169364F1,3.0,1.0,2.0,2.0,2.0,0.0,0.0,w1
F71064C05D,1.0,2.0,-1.0,-1.0,0.0,-1.0,-1.0,w1
1538EED5EF,3.0,1.0,4.0,4.0,2.0,2.0,2.0,w1
B53AB9C95E,1.0,1.0,1.0,1.0,3.0,-1.0,-1.0,w1
B197856866,2.0,4.0,-2.0,-2.0,-1.0,-1.0,-1.0,w1
55FB43DC80,1.0,1.0,1.0,1.0,4.0,-3.0,-3.0,w1
790261246E,2.0,0.0,5.0,5.0,3.0,2.0,2.0,w1
C52FDA8D4D,0.0,1.0,2.0,2.0,3.0,-1.0,-1.0,w1
D3D9C9E8B0,5.0,0.0,4.0,4.0,3.0,1.0,1.0,w1
53DF75651F,3.0,0.0,5.0,5.0,3.0,1.0,1.0,w1
53BC8D8B3F,2.0,1.0,2.0,2.0,3.0,-1.0,-0.0,w1
783C6CCCB2,1.0,1.0,1.0,1.0,0.0,0.0,0.0,w1
4413C149A4,3.0,0.0,3.0,3.0,3.0,1.0,1.0,w1
A7F794A3E7,1.0,0.0,2.0,2.0,2.0,1.0,1.0,w1
190B4631C4,1.0,0.0,3.0,3.0,3.0,0.0,0.0,w1
2333432633,1.0,2.0,-0.0,-0.0,-0.0,-0.0,-0.0,w1
270DE4DC69,2.0,2.0,1.0,1.0,2.0,-0.0,-0.0,w1
E2A86FEC12,2.0,1.0,2.0,2.0,2.0,-0.0,-0.0,w1
048B508FE2,1.0,1.0,1.0,1.0,2.0,-1.0,-1.0,w1
C0299A2C3C,2.0,0.0,3.0,3.0,3.0,0.0,0.0,w1
468F2F1058,2.0,0.0,2.0,2.0,1.0,1.0,1.0,w1
C244EA57DA,1.0,1.0,3.0,3.0,5.0,-1.0,-1.0,w1
B9ACC0278B,1.0,1.0,0.0,0.0,1.0,-0.0,-0.0,w1
1B505F25CA,3.0,1.0,4.0,4.0,2.0,2.0,2.0,w1
2537D2AFB4,2.0,1.0,2.0,2.0,3.0,-1.0,-1.0,w1
672906E745,3.0,0.0,3.0,3.0,2.0,1.0,1.0,w1
BCC79079B1,1.0,4.0,-3.0,-3.0,-2.0,-2.0,-2.0,w1
84F74D3C79,1.0,1.0,4.0,4.0,4.0,1.0,1.0,w1
6EEBD71E4B,2.0,0.0,4.0,4.0,2.0,1.0,1.0,w1
816B65EF27,0.0,0.0,1.0,1.0,2.0,-0.0,-0.0,w1
3375F5A69D,2.0,0.0,1.0,1.0,1.0,0.0,0.0,w1
C869BD924C,1.0,0.0,1.0,1.0,1.0,-0.0,1.0,w1
2945E28A93,2.0,1.0,1.0,2.0,1.0,0.0,0.0,w1
42726A5625,2.0,2.0,4.0,4.0,3.0,2.0,2.0,w1
2019AF9A44,2.0,1.0,3.0,3.0,3.0,0.0,0.0,w1
BB2282A2D5,2.0,0.0,4.0,5.0,4.0,1.0,1.0,w1
011C77678D,1.0,0.0,1.0,1.0,1.0,1.0,1.0,w1
B227B6545B,1.0,6.0,-4.0,-4.0,-2.0,-2.0,-2.0,w1
1CBCDAAB05,2.0,3.0,-1.0,-1.0,-0.0,-1.0,-1.0,w1
0F736E0804,3.0,4.0,-1.0,-1.0,-0.0,-0.0,-0.0,w1
41F908A627,0.0,1.0,-1.0,-1.0,-0.0,-1.0,-1.0,w1
39B6524112,0.0,1.0,-0.0,-0.0,0.0,-0.0,-0.0,w1
A5821FB743,1.0,0.0,2.0,2.0,3.0,-1.0,-1.0,w1
A028208822,2.0,1.0,3.0,3.0,3.0,0.0,0.0,w1
978C61871E,5.0,0.0,8.0,8.0,5.0,3.0,4.0,w1
8E4F91B33E,2.0,0.0,1.0,2.0,2.0,1.0,1.0,w1
68DEFEDFB1,2.0,1.0,3.0,3.0,2.0,1.0,3.0,w1
AC4EF9FF20,2.0,1.0,2.0,2.0,3.0,-1.0,-1.0,w1
4C4ADF440A,1.0,2.0,-0.0,0.0,1.0,-1.0,-1.0,w1
54EB79FCA6,1.0,0.0,3.0,5.0,3.0,3.0,3.0,w1
98D824F1D7,2.0,1.0,3.0,3.0,2.0,1.0,1.0,w1
14056CBECA,1.0,1.0,1.0,1.0,1.0,0.0,0.0,w1
B8610803C5,1.0,0.0,1.0,1.0,1.0,0.0,0.0,w1
AB65EA5B67,0.0,2.0,-1.0,-0.0,1.0,-1.0,-1.0,w1
09CAAEAD6C,0.0,0.0,3.0,3.0,4.0,-1.0,-1.0,w1
04A4EC919F,0.0,3.0,-3.0,-3.0,-1.0,-1.0,-1.0,w1
21589C082D,0.0,1.0,1.0,1.0,2.0,-1.0,-1.0,w1
0AF2014386,2.0,2.0,-0.0,1.0,1.0,-0.0,-0.0,w1
CEF823845F,2.0,1.0,2.0,2.0,2.0,-0.0,-0.0,w1
0787E08C13,4.0,4.0,-0.0,-0.0,1.0,-1.0,-1.0,w1
ACB77B4629,2.0,2.0,1.0,2.0,1.0,1.0,1.0,w1
69B32A32D5,1.0,0.0,2.0,3.0,2.0,1.0,1.0,w1
4EDA89EEB5,3.0,2.0,2.0,2.0,2.0,1.0,1.0,w1
441E4E81A6,2.0,2.0,1.0,1.0,1.0,0.0,0.0,w1
E0D8A94CC9,3.0,0.0,3.0,3.0,5.0,-2.0,-2.0,w1
FC32F4BC91,1.0,1.0,1.0,1.0,2.0,-1.0,-1.0,w1
AC97303DB1,3.0,1.0,3.0,3.0,2.0,1.0,1.0,w1
65353FDDC3,1.0,0.0,2.0,2.0,3.0,-1.0,-1.0,w1
D37917A1B5,0.0,0.0,1.0,1.0,2.0,-0.0,-0.0,w1
E80AA5AA6D,1.0,0.0,2.0,2.0,1.0,1.0,1.0,w1
64C045D5CD,0.0,1.0,-0.0,-0.0,0.0,-0.0,-0.0,w1
52AE0D8850,3.0,0.0,3.0,3.0,5.0,-2.0,-2.0,w1
651794BA90,5.0,1.0,4.0,4.0,5.0,-1.0,-1.0,w1
5A874C638B,1.0,2.0,1.0,1.0,2.0,-1.0,-1.0,w1
8B5085C3FE,1.0,4.0,-3.0,-3.0,-0.0,-2.0,-2.0,w1
116DFF7626,4.0,0.0,6.0,7.0,5.0,2.0,2.0,w1
637BA82FDF,2.0,0.0,2.0,2.0,1.0,1.0,1.0,w1
55D8723F58,1.0,2.0,-1.0,-1.0,0.0,-1.0,-1.0,w1
77F26B8E73,3.0,1.0,3.0,3.0,3.0,-0.0,-0.0,w1
25FAC0D6E9,3.0,0.0,5.0,5.0,5.0,-1.0,-0.0,w1
58F99A9C5A,1.0,0.0,1.0,1.0,1.0,1.0,1.0,w1
374873E04A,1.0,1.0,2.0,2.0,5.0,-3.0,-3.0,w1
5ABF29A33E,2.0,0.0,3.0,3.0,1.0,1.0,1.0,w1
CC6A132095,2.0,0.0,3.0,3.0,2.0,0.0,1.0,w1
9D503059F0,2.0,1.0,1.0,1.0,1.0,0.0,0.0,w1
0B22FA242B,2.0,0.0,2.0,2.0,3.0,-0.0,-0.0,w1
6255692C8E,2.0,2.0,1.0,1.0,1.0,-0.0,-0.0,w1
5F05C85F2C,1.0,0.0,3.0,3.0,2.0,1.0,1.0,w1
DF054DCFF5,1.0,0.0,1.0,1.0,4.0,-3.0,-3.0,w1
5E14DF2D7F,3.0,0.0,5.0,5.0,3.0,2.0,2.0,w1
9CA1435472,1.0,3.0,-1.0,-1.0,1.0,-2.0,-2.0,w1
054C4B820C,1.0,1.0,1.0,1.0,1.0,0.0,0.0,w1
FC99BCB162,3.0,0.0,3.0,3.0,2.0,0.0,1.0,w1
A314832242,1.0,0.0,2.0,2.0,2.0,-0.0,-0.0,w1
C95328BB50,3.0,1.0,3.0,3.0,1.0,1.0,1.0,w1
EDDED20DDE,2.0,0.0,2.0,2.0,1.0,1.0,1.0,w1
6121CEDEB9,5.0,0.0,5.0,5.0,3.0,2.0,2.0,w1
D824684A7F,2.0,0.0,3.0,3.0,4.0,-1.0,-1.0,w1
044E55E3C5,1.0,3.0,-2.0,-2.0,0.0,-2.0,-2.0,w1
BC9AF63685,1.0,0.0,1.0,2.0,5.0,-3.0,-3.0,w1
FBD6ED9A8A,4.0,0.0,4.0,4.0,2.0,2.0,2.0,w1
553EA76D31,2.0,1.0,1.0,1.0,1.0,1.0,1.0,w1
E527B35938,1.0,0.0,1.0,1.0,1.0,-0.0,-0.0,w1
C915669A40,1.0,1.0,3.0,3.0,2.0,1.0,1.0,w1
1FFFFA7FA3,0.0,0.0,2.0,2.0,5.0,-2.0,-2.0,w1
AB17BF07DA,2.0,1.0,3.0,3.0,2.0,1.0,1.0,w1
9D050D406F,3.0,0.0,3.0,3.0,5.0,-2.0,-2.0,w1
68C850B7AF,2.0,0.0,3.0,3.0,2.0,1.0,1.0,w1
3ABA4165DB,4.0,2.0,3.0,4.0,2.0,2.0,2.0,w1
088CFE766F,5.0,1.0,6.0,6.0,3.0,2.0,2.0,w1
48D713CA02,1.0,1.0,1.0,1.0,2.0,-0.0,-0.0,w1
D2348CA0D1,0.0,0.0,1.0,1.0,1.0,-0.0,-0.0,w1
E27481030A,0.0,0.0,2.0,2.0,2.0,0.0,0.0,w1
564373B702,4.0,1.0,3.0,3.0,3.0,1.0,1.0,w1
EBF11E7822,0.0,0.0,0.0,0.0,0.0,0.0,0.0,w1
EAB09C082F,2.0,1.0,2.0,2.0,1.0,1.0,1.0,w1
D57441764E,1.0,1.0,2.0,2.0,1.0,1.0,1.0,w1
FD76ABC898,1.0,1.0,-0.0,0.0,1.0,-1.0,-1.0,w1
42DAE4F180,1.0,0.0,2.0,2.0,1.0,1.0,1.0,w1
91AED5DC0F,2.0,1.0,1.0,1.0,2.0,-0.0,0.0,w1
0CFFE3325B,1.0,2.0,-1.0,-1.0,1.0,-2.0,-2.0,w1
B06F98164A,1.0,1.0,0.0,0.0,1.0,-1.0,-1.0,w1
DE3B577589,2.0,1.0,2.0,2.0,1.0,1.0,1.0,w1
BBB55176FA,1.0,1.0,0.0,0.0,1.0,-0.0,-0.0,w1
71270B3D0C,2.0,0.0,5.0,5.0,8.0,-3.0,-3.0,w1
8AB67F96E1,0.0,1.0,3.0,3.0,2.0,1.0,1.0,w1
396005E3E3,2.0,3.0,0.0,0.0,1.0,-1.0,-1.0,w1
2DA080331D,2.0,0.0,2.0,2.0,2.0,-0.0,-0.0,w1
F5AB0EAE49,1.0,3.0,-2.0,-2.0,-1.0,-1.0,-1.0,w1
1476128234,1.0,3.0,-1.0,-1.0,1.0,-2.0,-2.0,w1
6B7AD78FBC,0.0,4.0,-3.0,-3.0,-1.0,-2.0,-2.0,w1
EADA929C37,0.0,0.0,3.0,3.0,2.0,1.0,1.0,w1
0232648F01,3.0,0.0,3.0,3.0,2.0,1.0,1.0,w1
87EDFB5D92,1.0,4.0,-2.0,-2.0,-0.0,-1.0,-0.0,w1
274D80893E,1.0,1.0,0.0,0.0,0.0,-0.0,-0.0,w1
7ABB57EBB1,2.0,1.0,1.0,1.0,1.0,1.0,1.0,w1
D4FE925B04,1.0,0.0,3.0,3.0,2.0,1.0,1.0,w1
188D55E39E,4.0,1.0,3.0,3.0,3.0,0.0,0.0,w1
782EB7FC60,3.0,0.0,4.0,4.0,3.0,1.0,1.0,w1
729BBC6ACB,3.0,0.0,4.0,4.0,3.0,1.0,1.0,w1
B3EEF81EFA,2.0,1.0,1.0,1.0,1.0,0.0,0.0,w1
C564794126,2.0,1.0,3.0,3.0,2.0,1.0,1.0,w1
C36E1AE46F,2.0,0.0,5.0,5.0,2.0,2.0,3.0,w1
53EEA16279,0.0,1.0,0.0,0.0,1.0,-1.0,-1.0,w1
E1B7E5C251,0.0,2.0,-1.0,-1.0,0.0,-1.0,-1.0,w1
F6154CC73C,2.0,1.0,4.0,4.0,5.0,-1.0,-1.0,w1
AE20D68E40,1.0,1.0,1.0,1.0,1.0,0.0,0.0,w1
F8428652A8,1.0,0.0,1.0,1.0,2.0,-1.0,-1.0,w1
A9BB172B7F,1.0,1.0,3.0,3.0,2.0,1.0,1.0,w1
E6D1FC4564,4.0,0.0,6.0,6.0,3.0,3.0,3.0,w1
5FFDAEFACA,3.0,1.0,2.0,2.0,2.0,1.0,1.0,w1
4593053FE0,5.0,0.0,6.0,6.0,5.0,0.0,0.0,w1
CB87717B6E,4.0,2.0,4.0,4.0,3.0,2.0,2.0,w1
428787BBC1,0.0,2.0,2.0,2.0,1.0,0.0,0.0,w1
634DADA15C,1.0,3.0,-2.0,-2.0,2.0,-3.0,-3.0,w1
E7215D7556,2.0,1.0,2.0,2.0,1.0,1.0,1.0,w1
177DA1E6C0,1.0,0.0,1.0,2.0,1.0,0.0,0.0,w1
FB5F649461,6.0,1.0,5.0,5.0,4.0,1.0,3.0,w1
B3AFEB30CF,1.0,0.0,1.0,1.0,1.0,-0.0,-0.0,w1
656A5B9D13,0.0,1.0,-0.0,-0.0,0.0,-0.0,-0.0,w1
B6CEFCF596,1.0,0.0,1.0,1.0,2.0,-0.0,-0.0,w1
B68680F155,2.0,3.0,-1.0,-1.0,1.0,-2.0,-2.0,w1
AE8729D089,1.0,0.0,5.0,5.0,3.0,2.0,2.0,w1
4F6EA75213,1.0,1.0,0.0,0.0,1.0,-0.0,-0.0,w1
DE7B481DD9,2.0,2.0,1.0,1.0,3.0,-2.0,-2.0,w1
1D45717412,0.0,3.0,-2.0,-2.0,-0.0,-2.0,-2.0,w1
BF36A0183E,1.0,1.0,1.0,1.0,2.0,-1.0,-1.0,w1
44BAA26F64,6.0,1.0,5.0,5.0,3.0,2.0,2.0,w1
EEDDE5294C,1.0,1.0,1.0,1.0,4.0,-3.0,-3.0,w1
44C5475066,1.0,0.0,1.0,1.0,1.0,-0.0,-0.0,w1
2D23D98D4A,5.0,3.0,5.0,5.0,2.0,2.0,3.0,w1
D03D1565B9,2.0,2.0,0.0,0.0,0.0,-0.0,-0.0,w1
E611EF6654,3.0,2.0,2.0,2.0,1.0,1.0,1.0,w1
E626CDCACC,2.0,1.0,2.0,2.0,2.0,-0.0,-0.0,w1
D385F1972F,1.0,3.0,-2.0,-2.0,5.0,-7.0,-7.0,w1
6F37C1BDEF,2.0,2.0,0.0,0.0,2.0,-1.0,-1.0,w1
69ABB07B87,1.0,0.0,1.0,1.0,5.0,-3.0,-3.0,w1
FE1A259426,3.0,0.0,4.0,4.0,2.0,2.0,2.0,w1
7E3BDDAF79,0.0,0.0,1.0,1.0,1.0,0.0,0.0,w1
F0C90E6A74,2.0,1.0,3.0,3.0,3.0,0.0,2.0,w1
C76E823C65,2.0,1.0,3.0,3.0,2.0,1.0,1.0,w1
78A0B7412A,2.0,0.0,3.0,3.0,2.0,1.0,1.0,w1
E13A9C15E4,4.0,0.0,5.0,5.0,2.0,2.0,3.0,w1
5BA4CBCFCA,2.0,3.0,-1.0,-0.0,0.0,-1.0,-1.0,w1
65BCC7741F,3.0,1.0,5.0,5.0,6.0,-1.0,-1.0,w1
1E68643090,0.0,1.0,-1.0,-1.0,0.0,-1.0,-1.0,w1
259C1835E0,3.0,1.0,3.0,3.0,2.0,1.0,1.0,w1
A08B481564,3.0,0.0,3.0,3.0,4.0,-1.0,-1.0,w1
2E8676842F,1.0,2.0,1.0,1.0,1.0,-0.0,-0.0,w1
A2E78DC581,2.0,0.0,3.0,3.0,2.0,2.0,2.0,w1
23B113E5DA,5.0,1.0,5.0,5.0,3.0,2.0,2.0,w1
FF6C7F9206,1.0,0.0,1.0,2.0,2.0,-0.0,-0.0,w1
DE7078569E,1.0,2.0,-1.0,-1.0,3.0,-3.0,-3.0,w1
2E2B992B50,1.0,1.0,1.0,1.0,3.0,-2.0,-2.0,w1
3F129F01CC,1.0,1.0,-0.0,0.0,0.0,-0.0,-0.0,w1
14326673FA,1.0,2.0,-1.0,-1.0,1.0,-2.0,-1.0,w1
0B815EEA34,1.0,1.0,1.0,1.0,1.0,1.0,1.0,w1
935D60E3B1,2.0,1.0,2.0,2.0,1.0,1.0,1.0,w1
66E29DB7DB,2.0,0.0,2.0,4.0,2.0,1.0,2.0,w1
BF9CC53630,2.0,1.0,2.0,3.0,2.0,0.0,1.0,w1
6EBDE40656,2.0,0.0,2.0,2.0,2.0,-1.0,-1.0,w1
E5FD7C314B,3.0,1.0,3.0,3.0,2.0,1.0,1.0,w1
9CB0C49B60,4.0,1.0,6.0,6.0,4.0,2.0,2.0,w1
303BE0BDCB,1.0,1.0,0.0,0.0,2.0,-2.0,-1.0,w1
2A80939B96,5.0,0.0,5.0,5.0,3.0,2.0,2.0,w1
82A623436A,2.0,0.0,3.0,5.0,3.0,2.0,2.0,w1
B5A490B09B,3.0,1.0,3.0,3.0,2.0,1.0,1.0,w1
8EA5A117EA,5.0,2.0,5.0,5.0,4.0,1.0,1.0,w1
4593516C6D,1.0,1.0,1.0,1.0,2.0,-1.0,-0.0,w1
35F67E674D,2.0,0.0,2.0,2.0,1.0,1.0,2.0,w1
97EA55F21C,0.0,3.0,-2.0,-2.0,-0.0,-2.0,-2.0,w1
4C7C6F91E6,2.0,1.0,1.0,1.0,1.0,0.0,0.0,w1
26B89FF8A6,0.0,0.0,1.0,1.0,3.0,-1.0,-1.0,w1
EE3A525D1D,1.0,1.0,2.0,2.0,2.0,1.0,1.0,w1
177F32D0B1,2.0,1.0,1.0,1.0,1.0,0.0,0.0,w1
E7D486F137,2.0,1.0,1.0,1.0,1.0,0.0,1.0,w1
A42EA0CBE9,4.0,0.0,3.0,3.0,2.0,1.0,1.0,w1
A061B58D31,3.0,0.0,5.0,5.0,3.0,2.0,2.0,w1
7501F5D6E1,4.0,1.0,3.0,3.0,2.0,1.0,1.0,w1
C66BDB155B,0.0,1.0,-0.0,0.0,1.0,-1.0,-1.0,w1
38B8F885B2,3.0,1.0,4.0,4.0,2.0,2.0,2.0,w1
2E102C14AD,2.0,0.0,3.0,3.0,4.0,-0.0,-0.0,w1
524838C5EE,1.0,2.0,-0.0,-0.0,0.0,-0.0,-0.0,w1
ED61C5FE49,4.0,3.0,1.0,1.0,1.0,-0.0,-0.0,w1
D4894A2911,5.0,0.0,8.0,9.0,9.0,0.0,0.0,w1
6B881CD3EC,0.0,1.0,2.0,2.0,1.0,1.0,1.0,w1
4B7B49CAD1,1.0,0.0,1.0,1.0,1.0,0.0,0.0,w1
4991C1D1D4,1.0,1.0,1.0,1.0,1.0,-0.0,-0.0,w1
0D15364261,2.0,2.0,3.0,4.0,5.0,-1.0,-1.0,w1
44F365D4CD,1.0,0.0,2.0,2.0,3.0,-1.0,-1.0,w1
2A82979D89,1.0,0.0,2.0,2.0,1.0,1.0,1.0,w1
93DDAC950A,5.0,0.0,5.0,5.0,4.0,1.0,1.0,w1
F46E7E959D,5.0,2.0,3.0,3.0,3.0,0.0,0.0,w1
988B0C855F,1.0,1.0,0.0,1.0,1.0,-0.0,-0.0,w1
C944DC2563,0.0,0.0,-0.0,-0.0,0.0,-1.0,-0.0,w1
4166AD7250,0.0,2.0,-1.0,-1.0,-0.0,-0.0,-0.0,w1
647A159BB7,5.0,0.0,6.0,6.0,5.0,1.0,2.0,w1
DF03DD37CD,2.0,0.0,2.0,2.0,2.0,0.0,0.0,w1
C2A10B47BA,2.0,1.0,2.0,2.0,1.0,1.0,1.0,w1
4CD61D1AF4,3.0,2.0,2.0,2.0,3.0,-1.0,-1.0,w1
0E022E8AB4,1.0,2.0,-1.0,-1.0,0.0,-1.0,-1.0,w1
545CE07D00,0.0,1.0,-0.0,-0.0,1.0,-1.0,-1.0,w1
6AC38EE680,1.0,0.0,4.0,4.0,3.0,1.0,1.0,w1
18D57D0F47,2.0,1.0,2.0,2.0,2.0,0.0,0.0,w1
A0F0E3FB0E,1.0,0.0,1.0,1.0,1.0,0.0,0.0,w1
0C902FEA23,2.0,2.0,0.0,0.0,0.0,-0.0,-0.0,w1
CF67DA300B,1.0,2.0,-0.0,-0.0,0.0,-1.0,-1.0,w1
B77CEA839C,1.0,2.0,-1.0,-1.0,1.0,-2.0,-2.0,w1
1E075C6633,2.0,1.0,1.0,1.0,1.0,1.0,2.0,w1
00162D07D3,1.0,1.0,2.0,2.0,2.0,1.0,1.0,w1
861ECF57CE,0.0,1.0,-0.0,-0.0,1.0,-1.0,-1.0,w1
359F6B81B8,2.0,0.0,4.0,4.0,4.0,1.0,1.0,w1
16262EDA39,3.0,2.0,3.0,3.0,2.0,0.0,0.0,w1
A46BC84814,1.0,0.0,1.0,1.0,3.0,-2.0,-2.0,w1
DA01E2D703,1.0,0.0,2.0,2.0,3.0,-1.0,-1.0,w1
F8D0430101,2.0,2.0,1.0,1.0,2.0,-1.0,-1.0,w1
7A2F0756D3,1.0,0.0,1.0,1.0,1.0,-0.0,-0.0,w1
7C1084E45D,2.0,0.0,2.0,2.0,1.0,1.0,1.0,w1
963C425546,1.0,0.0,3.0,3.0,2.0,1.0,3.0,w1
A69E19A47A,2.0,0.0,3.0,3.0,2.0,1.0,1.0,w1
6D55A536FB,3.0,0.0,3.0,3.0,3.0,-0.0,0.0,w1
E1075E4FB2,0.0,1.0,0.0,0.0,1.0,-1.0,-1.0,w1
A43883CD13,0.0,0.0,1.0,1.0,3.0,-2.0,-1.0,w1
4CF51D2744,3.0,1.0,3.0,3.0,2.0,1.0,1.0,w1
881EB6058C,1.0,0.0,2.0,2.0,1.0,1.0,1.0,w1
D64F602C41,0.0,2.0,-1.0,-1.0,1.0,-2.0,-2.0,w1
837B7C8EB9,2.0,2.0,1.0,1.0,1.0,-0.0,-0.0,w1
BD4BDAFDEB,0.0,0.0,2.0,2.0,4.0,-1.0,-1.0,w1
94992DF27F,1.0,2.0,-0.0,-0.0,1.0,-1.0,-1.0,w1
0BA30C6DA7,2.0,0.0,3.0,4.0,2.0,2.0,2.0,w1
9B2CB1E77F,1.0,1.0,0.0,0.0,0.0,-0.0,-0.0,w1
29D33E780E,0.0,1.0,0.0,2.0,1.0,1.0,1.0,w1
DA29F8E4FD,3.0,3.0,0.0,0.0,1.0,-1.0,-1.0,w1
B5A9345FA5,3.0,1.0,5.0,5.0,4.0,1.0,1.0,w1
7D6FFA6554,1.0,0.0,7.0,7.0,3.0,3.0,3.0,w1
00F1BCDDA9,3.0,0.0,4.0,4.0,4.0,0.0,0.0,w1
67DC6A9268,2.0,0.0,2.0,2.0,2.0,0.0,0.0,w1
B73D3945E5,1.0,0.0,1.0,1.0,1.0,1.0,1.0,w1
7B8B18C961,3.0,0.0,3.0,3.0,2.0,2.0,2.0,w1
5AD72ADDB2,1.0,0.0,1.0,1.0,4.0,-3.0,-3.0,w1
6B298255B6,2.0,1.0,2.0,2.0,5.0,-3.0,-3.0,w1
26277946C2,0.0,1.0,3.0,3.0,2.0,1.0,1.0,w1
B353D60346,7.0,3.0,4.0,7.0,5.0,2.0,2.0,w1
44C7054828,3.0,3.0,3.0,3.0,3.0,-0.0,-0.0,w1
B2490CDFD6,2.0,2.0,0.0,0.0,0.0,-0.0,-0.0,w1
DB03C4E923,4.0,1.0,4.0,4.0,2.0,2.0,2.0,w1
A496C12F4F,3.0,0.0,3.0,3.0,4.0,-1.0,-1.0,w1
84B6CE67CA,0.0,2.0,-2.0,-2.0,1.0,-2.0,-2.0,w1
1248661FBF,1.0,1.0,1.0,1.0,1.0,0.0,0.0,w1
21DC312718,2.0,0.0,4.0,4.0,5.0,-1.0,-1.0,w1
AA9BABEAFA,1.0,0.0,1.0,1.0,4.0,-3.0,-3.0,w1
1FA179F39E,1.0,1.0,3.0,3.0,3.0,0.0,0.0,w1
3583C1C884,2.0,0.0,2.0,2.0,2.0,0.0,0.0,w1
DE446BFF81,2.0,1.0,2.0,2.0,2.0,1.0,1.0,w1
043D7C2ED8,3.0,0.0,4.0,4.0,2.0,1.0,2.0,w1
80AE832EBD,0.0,0.0,0.0,0.0,1.0,-1.0,0.0,w1
959A468362,5.0,2.0,4.0,4.0,4.0,0.0,0.0,w1
F78276C3F0,4.0,1.0,3.0,3.0,4.0,-0.0,-0.0,w1
7126265C9E,3.0,0.0,3.0,3.0,2.0,1.0,1.0,w1
1CD7277AFB,3.0,2.0,1.0,1.0,3.0,-1.0,-1.0,w1
523B11F068,1.0,2.0,-0.0,-0.0,0.0,-0.0,1.0,w1
7E88F3481D,0.0,1.0,1.0,1.0,1.0,-0.0,-0.0,w1
60B9716818,3.0,1.0,3.0,3.0,2.0,1.0,1.0,w1
F40638E590,1.0,0.0,2.0,2.0,2.0,-1.0,-0.0,w1
452527D978,1.0,1.0,0.0,0.0,3.0,-2.0,-2.0,w1
ABBD0D9D7B,2.0,1.0,1.0,1.0,1.0,1.0,1.0,w1
62535EDCEA,10.0,1.0,10.0,10.0,7.0,4.0,4.0,w1
149F277102,1.0,0.0,1.0,1.0,2.0,-1.0,-1.0,w1
AAA3BCFF53,2.0,0.0,3.0,3.0,2.0,1.0,1.0,w1
92ADD78162,1.0,0.0,1.0,2.0,4.0,-2.0,-2.0,w1
4C72FC48AF,2.0,0.0,2.0,2.0,3.0,-0.0,-0.0,w1
9D46E0AACB,1.0,1.0,1.0,1.0,2.0,-1.0,-1.0,w1
71A062FB99,2.0,1.0,2.0,2.0,1.0,1.0,1.0,w1
A72A32856F,4.0,1.0,5.0,5.0,3.0,2.0,3.0,w1
4D737D9CF0,1.0,1.0,3.0,4.0,4.0,-0.0,-0.0,w1
7B3D4F98BD,2.0,0.0,1.0,1.0,3.0,-2.0,-2.0,w1
74D4B86695,4.0,0.0,4.0,4.0,3.0,1.0,2.0,w1
4F85619ECD,1.0,0.0,1.0,1.0,2.0,-1.0,-1.0,w1
4C67683040,3.0,1.0,2.0,2.0,2.0,1.0,1.0,w1
4A152301F5,2.0,0.0,2.0,2.0,3.0,-2.0,-2.0,w1
3FED190FF8,3.0,1.0,2.0,2.0,1.0,1.0,1.0,w1
3D61765D2F,1.0,1.0,1.0,1.0,1.0,0.0,1.0,w1
68D09F159B,3.0,4.0,-1.0,-1.0,-0.0,-0.0,-0.0,w1
D531B4EDBE,2.0,0.0,3.0,3.0,3.0,0.0,0.0,w1
A8DEAE9422,1.0,1.0,1.0,1.0,1.0,-0.0,-0.0,w1
6312B4EBDA,0.0,3.0,-1.0,-1.0,0.0,-1.0,-1.0,w1
603F07B96F,3.0,2.0,2.0,2.0,2.0,-0.0,-0.0,w1
BAC4D07DA3,5.0,0.0,5.0,5.0,3.0,2.0,2.0,w1
E4A37C115F,1.0,1.0,3.0,3.0,3.0,0.0,0.0,w1
7A74ACCF05,3.0,2.0,1.0,1.0,1.0,0.0,0.0,w1
D47FE09D04,1.0,0.0,4.0,4.0,2.0,1.0,2.0,w1
940E3A32BD,2.0,0.0,2.0,2.0,1.0,1.0,1.0,w1
9988DB2442,3.0,1.0,3.0,3.0,2.0,2.0,2.0,w1
CE8E1924DB,3.0,1.0,2.0,2.0,1.0,1.0,1.0,w1
A485C8F2BC,4.0,0.0,4.0,4.0,2.0,2.0,2.0,w1
7B4B97E95C,2.0,1.0,1.0,1.0,5.0,-3.0,-3.0,w1
120033A8D1,1.0,2.0,-1.0,-1.0,0.0,-1.0,-1.0,w1
41C8AB7283,4.0,1.0,4.0,4.0,3.0,1.0,1.0,w1
BAA56E2102,5.0,0.0,7.0,7.0,5.0,2.0,2.0,w1
26B1AEDA1C,2.0,0.0,10.0,10.0,5.0,5.0,5.0,w1
EF6A7276C9,2.0,3.0,2.0,2.0,2.0,1.0,1.0,w1
6781308507,3.0,1.0,2.0,2.0,2.0,-0.0,-0.0,w1
BACFDD4540,5.0,1.0,4.0,5.0,3.0,2.0,2.0,w1
89C1D55EC3,3.0,1.0,1.0,1.0,1.0,0.0,0.0,w1
263C2580EB,1.0,0.0,2.0,2.0,2.0,-1.0,-1.0,w1
0FDDA877C7,1.0,0.0,1.0,1.0,1.0,0.0,0.0,w1
CC9AD2EDEF,3.0,1.0,2.0,2.0,5.0,-3.0,-2.0,w1
64594FB3F5,1.0,2.0,0.0,0.0,0.0,-0.0,-0.0,w1
6854D08C17,1.0,1.0,1.0,1.0,1.0,-0.0,-0.0,w1
8489A37E4C,3.0,1.0,3.0,3.0,1.0,1.0,1.0,w1
DFC646C6F6,1.0,0.0,2.0,2.0,1.0,1.0,1.0,w1
86A81BA45E,1.0,1.0,1.0,1.0,1.0,0.0,0.0,w1
9D60CE56CF,1.0,1.0,2.0,2.0,1.0,0.0,0.0,w1
F8ED0310C0,2.0,3.0,-1.0,-1.0,2.0,-3.0,-3.0,w1
C570F06B43,2.0,0.0,3.0,3.0,2.0,1.0,1.0,w1
A9D08B5160,2.0,0.0,3.0,3.0,2.0,1.0,1.0,w1
652C631C75,1.0,1.0,1.0,1.0,3.0,-2.0,-2.0,w1
DA9FBDD3F4,2.0,0.0,3.0,3.0,3.0,-0.0,0.0,w1
BA05A9619D,2.0,2.0,0.0,1.0,1.0,-0.0,0.0,w1
2477A202B9,1.0,1.0,1.0,1.0,1.0,-0.0,-0.0,w1
B596FFEA6F,5.0,0.0,9.0,9.0,6.0,3.0,3.0,w1
E02B19DF10,2.0,1.0,2.0,2.0,2.0,0.0,0.0,w1
988E0A1C1F,2.0,1.0,1.0,1.0,1.0,0.0,0.0,w1
148B412DD8,1.0,1.0,1.0,1.0,2.0,-0.0,-0.0,w1
3D5273E9C4,1.0,4.0,-3.0,-3.0,-1.0,-1.0,-1.0,w1
874AE706A6,3.0,1.0,6.0,6.0,4.0,2.0,2.0,w1
C23D701824,1.0,4.0,-1.0,-1.0,-1.0,-1.0,-1.0,w1
7EAB2DE9D9,4.0,1.0,3.0,3.0,3.0,-0.0,-0.0,w1
0E1F55E719,3.0,0.0,4.0,5.0,3.0,2.0,2.0,w1
AB40BAB038,2.0,1.0,0.0,0.0,2.0,-1.0,-1.0,w1
4E61C17621,1.0,1.0,1.0,2.0,1.0,1.0,1.0,w1
BDC3463FF8,2.0,0.0,3.0,3.0,2.0,1.0,1.0,w1
E8506E04CD,4.0,1.0,3.0,3.0,3.0,0.0,0.0,w1
5D5ABFB2F5,2.0,1.0,2.0,2.0,2.0,0.0,0.0,w1
AD92508FE5,1.0,0.0,4.0,4.0,2.0,1.0,1.0,w1
C2D95723DD,1.0,0.0,3.0,3.0,3.0,-0.0,-0.0,w1
1DF542B559,2.0,1.0,2.0,2.0,1.0,1.0,1.0,w1
9E20AC6DA1,2.0,2.0,1.0,1.0,1.0,-0.0,-0.0,w1
15546D44E3,2.0,2.0,2.0,2.0,2.0,-0.0,-0.0,w1
6E3E23D672,0.0,0.0,0.0,0.0,1.0,-1.0,-1.0,w1
AB583CD806,0.0,0.0,2.0,2.0,1.0,1.0,1.0,w1
8D810B167D,3.0,0.0,3.0,3.0,1.0,1.0,1.0,w1
DEC346607E,1.0,1.0,1.0,1.0,3.0,-1.0,-1.0,w1
C65A118C3A,3.0,1.0,4.0,4.0,2.0,2.0,2.0,w1
9128CBBE85,1.0,1.0,1.0,1.0,0.0,0.0,0.0,w1
E1ADCD1CD5,2.0,0.0,2.0,2.0,2.0,0.0,0.0,w1
7B82FEEB3E,3.0,0.0,3.0,3.0,2.0,1.0,1.0,w1
4DFF3D2807,3.0,1.0,3.0,3.0,4.0,-0.0,1.0,w1
36EAEE1F14,2.0,1.0,1.0,1.0,1.0,0.0,0.0,w1
4F52116771,2.0,1.0,2.0,2.0,1.0,1.0,1.0,w1
97F101A5AD,2.0,1.0,4.0,4.0,3.0,1.0,1.0,w1
9237627050,3.0,3.0,0.0,0.0,1.0,-1.0,-1.0,w1
6278BAB962,1.0,2.0,-1.0,-1.0,1.0,-2.0,-2.0,w1
A8BE40E9BB,1.0,1.0,0.0,1.0,4.0,-3.0,-3.0,w1
9DBF7F1422,0.0,0.0,0.0,0.0,2.0,-2.0,-2.0,w1
9350F676EF,0.0,4.0,-3.0,-3.0,0.0,-3.0,-3.0,w1
ACF229A4D8,0.0,4.0,-3.0,-3.0,-1.0,-2.0,-2.0,w1
1A8C3899D5,4.0,0.0,5.0,5.0,5.0,1.0,1.0,w1
76B9E975AC,1.0,0.0,1.0,1.0,2.0,-0.0,-0.0,w1
21209B1A57,1.0,2.0,-1.0,-1.0,1.0,-1.0,-1.0,w1
77B2C70499,2.0,1.0,2.0,2.0,1.0,0.0,0.0,w1
976577FC93,1.0,1.0,0.0,0.0,0.0,0.0,0.0,w1
31F4334892,2.0,1.0,3.0,3.0,2.0,1.0,1.0,w1
A827415C19,1.0,1.0,0.0,0.0,0.0,0.0,0.0,w1
FD4907C413,1.0,0.0,2.0,2.0,1.0,1.0,1.0,w1
244396F298,3.0,0.0,3.0,3.0,3.0,-0.0,-0.0,w1
39D53D7406,1.0,1.0,2.0,2.0,4.0,-2.0,-2.0,w1
97FE880D6A,1.0,1.0,2.0,2.0,3.0,-1.0,-1.0,w1
D31A01206D,2.0,0.0,6.0,6.0,4.0,2.0,2.0,w1
811C94C925,4.0,3.0,0.0,0.0,1.0,-1.0,-1.0,w1
52034C63B6,3.0,0.0,3.0,3.0,3.0,1.0,1.0,w1
906ECBA515,2.0,0.0,3.0,3.0,3.0,1.0,1.0,w1
1AE0D8E726,4.0,1.0,3.0,3.0,2.0,1.0,1.0,w1
6681CE5961,1.0,2.0,-0.0,0.0,6.0,-5.0,-5.0,w1
532014E14C,1.0,0.0,4.0,4.0,3.0,1.0,1.0,w1
C0CB99B6E2,1.0,1.0,1.0,1.0,2.0,-1.0,-1.0,w1
769FD291ED,1.0,0.0,0.0,0.0,1.0,-1.0,-1.0,w1
B3CD3C8B25,2.0,2.0,1.0,1.0,4.0,-2.0,-2.0,w1
8CBA472F1F,1.0,1.0,0.0,0.0,0.0,0.0,0.0,w1
39B47B3EA4,1.0,0.0,2.0,2.0,1.0,1.0,1.0,w1
712C745088,4.0,1.0,6.0,7.0,4.0,3.0,3.0,w1
BDDFD44E14,3.0,2.0,0.0,0.0,2.0,-2.0,-2.0,w1
E215B12B4A,1.0,1.0,2.0,2.0,2.0,0.0,0.0,w1
27183B58E8,1.0,3.0,-1.0,-1.0,-0.0,-1.0,-1.0,w1
E424FEA9AB,1.0,0.0,5.0,5.0,3.0,2.0,2.0,w1
307A8E7627,2.0,1.0,3.0,3.0,2.0,2.0,2.0,w1
9E9850C69E,3.0,0.0,3.0,3.0,3.0,-0.0,-0.0,w1
32F6AB4568,2.0,3.0,-1.0,-0.0,2.0,-2.0,-2.0,w1
C60EC715B7,8.0,0.0,8.0,8.0,5.0,2.0,2.0,w1
55810E2B4E,6.0,1.0,5.0,5.0,5.0,-0.0,-0.0,w1
0701245AC2,2.0,1.0,6.0,6.0,5.0,1.0,1.0,w1
56E9997D99,1.0,1.0,0.0,0.0,2.0,-1.0,-1.0,w1
F991C8EC73,1.0,3.0,-2.0,-2.0,-0.0,-1.0,-1.0,w1
241FCC2CED,1.0,0.0,2.0,2.0,2.0,0.0,1.0,w1
D4C9833D8D,2.0,3.0,-0.0,-0.0,0.0,-0.0,-0.0,w1
24D14F1F19,3.0,2.0,1.0,1.0,1.0,0.0,0.0,w1
F4D201679E,2.0,2.0,2.0,2.0,1.0,1.0,1.0,w1
9E7DFAB2E3,1.0,1.0,2.0,2.0,1.0,1.0,1.0,w1
E5EA15B446,1.0,0.0,2.0,2.0,1.0,1.0,1.0,w1
AF8CBDCB9B,1.0,1.0,1.0,1.0,1.0,-0.0,-0.0,w1
594283A9BB,2.0,1.0,2.0,2.0,2.0,0.0,0.0,w1
E7F2DCAF68,4.0,0.0,4.0,4.0,4.0,-0.0,-0.0,w1
D0DA20054A,1.0,0.0,2.0,2.0,2.0,0.0,0.0,w1
DCC2A7355A,1.0,2.0,1.0,1.0,1.0,0.0,0.0,w1
A737303954,2.0,1.0,1.0,1.0,1.0,0.0,0.0,w1
2158183CE7,1.0,0.0,4.0,4.0,3.0,2.0,2.0,w1
E9CFB375FD,2.0,1.0,2.0,2.0,2.0,1.0,1.0,w1
D3F7832960,4.0,1.0,3.0,3.0,2.0,1.0,1.0,w1
8DC9FA2002,1.0,2.0,-0.0,0.0,1.0,-1.0,-1.0,w1
9E08725AA6,1.0,1.0,2.0,3.0,2.0,1.0,1.0,w1
283C1293F1,5.0,1.0,4.0,4.0,3.0,2.0,2.0,w1
E206686A84,1.0,2.0,-1.0,-1.0,8.0,-9.0,-9.0,w1
ED580396B5,3.0,1.0,3.0,3.0,4.0,-1.0,-1.0,w1
E85E0CD777,2.0,1.0,2.0,2.0,2.0,0.0,0.0,w1
0A62FA24F7,0.0,1.0,-0.0,-0.0,1.0,-1.0,-1.0,w1
9270107A62,3.0,1.0,2.0,2.0,1.0,1.0,1.0,w1
5FAC58E685,1.0,1.0,2.0,2.0,2.0,0.0,1.0,w1
FC65620122,1.0,2.0,2.0,2.0,2.0,0.0,0.0,w1
0CBC8B9947,2.0,0.0,4.0,5.0,5.0,0.0,0.0,w1
660FDB029F,2.0,1.0,1.0,2.0,1.0,1.0,1.0,w1
EE258CFC0F,2.0,1.0,3.0,3.0,2.0,1.0,1.0,w1
E5A1AF5EC8,1.0,1.0,1.0,1.0,1.0,1.0,1.0,w1
6F42C4D442,2.0,1.0,4.0,4.0,2.0,2.0,2.0,w1
EC15EA3ACE,2.0,0.0,3.0,3.0,2.0,1.0,1.0,w1
20BF385E20,2.0,3.0,-0.0,-0.0,0.0,-0.0,-0.0,w1
2CC50B5034,1.0,0.0,1.0,2.0,2.0,-1.0,-1.0,w1
1797A8E49D,1.0,2.0,2.0,2.0,2.0,1.0,1.0,w1
CF5B07442E,5.0,2.0,4.0,4.0,5.0,-1.0,-0.0,w1
901288954B,1.0,0.0,2.0,2.0,1.0,0.0,1.0,w1
FC4D49D2DE,1.0,0.0,2.0,2.0,2.0,-0.0,-0.0,w1
AFBE6704AC,4.0,0.0,6.0,6.0,3.0,2.0,2.0,w1
245F75F29D,1.0,0.0,2.0,2.0,1.0,1.0,1.0,w1
14C38081AB,1.0,0.0,3.0,3.0,4.0,-1.0,-1.0,w1
3BF79DA605,4.0,1.0,3.0,3.0,3.0,-0.0,-0.0,w1
EC8AD8A349,2.0,0.0,4.0,4.0,2.0,1.0,1.0,w1
F4D44AE0D4,2.0,0.0,2.0,2.0,2.0,0.0,0.0,w1
F2C38D5125,1.0,0.0,1.0,1.0,2.0,-1.0,-1.0,w1
21D13887ED,1.0,1.0,0.0,0.0,0.0,-0.0,-0.0,w1
F1B3C4360E,0.0,1.0,-1.0,-1.0,0.0,-1.0,-1.0,w1
1CA270B7D3,1.0,0.0,2.0,2.0,1.0,1.0,1.0,w1
1063650E43,1.0,0.0,0.0,0.0,0.0,0.0,0.0,w1
B6148962FD,2.0,1.0,2.0,2.0,1.0,1.0,1.0,w1
69A7E924A1,3.0,0.0,3.0,3.0,3.0,-0.0,-0.0,w1
929AF4C06D,0.0,2.0,-1.0,-1.0,0.0,-1.0,-1.0,w1
3B8824E29C,3.0,2.0,3.0,3.0,4.0,-1.0,-1.0,w1
31C97823EE,0.0,1.0,0.0,0.0,1.0,-1.0,-1.0,w1
61D89D11B2,0.0,1.0,-0.0,-0.0,1.0,-1.0,-1.0,w1
DC80DFBA0A,2.0,1.0,1.0,1.0,1.0,0.0,0.0,w1
F5B536801D,6.0,0.0,7.0,7.0,4.0,3.0,3.0,w1
07A6787103,2.0,3.0,-0.0,-0.0,1.0,-2.0,-2.0,w1
591C9C19E8,1.0,1.0,1.0,1.0,1.0,-0.0,-0.0,w1
701D20B466,5.0,0.0,5.0,6.0,4.0,2.0,2.0,w1
E0FF28B28E,1.0,0.0,0.0,0.0,3.0,-2.0,-2.0,w1
EB286AB372,2.0,0.0,2.0,2.0,3.0,-1.0,-1.0,w1
C26787DB2A,1.0,1.0,0.0,0.0,0.0,0.0,0.0,w1
C7D7EFDDFD,3.0,1.0,3.0,3.0,2.0,1.0,1.0,w1
F8A70DD8C1,2.0,1.0,2.0,2.0,3.0,-1.0,-1.0,w1
0285C81ADC,2.0,1.0,2.0,2.0,1.0,0.0,0.0,w1
FA518D9F72,2.0,0.0,5.0,5.0,3.0,2.0,2.0,w1
000C570B56,2.0,1.0,2.0,2.0,3.0,-1.0,-1.0,w1
8F0AE8B03C,2.0,2.0,1.0,1.0,3.0,-2.0,-2.0,w1
CCC4F6737A,1.0,1.0,0.0,0.0,4.0,-3.0,-3.0,w1
74F1EE77DC,3.0,0.0,3.0,3.0,3.0,1.0,1.0,w1
F99C4D11B0,2.0,0.0,3.0,3.0,4.0,-0.0,-0.0,w1
E85E5D5799,2.0,1.0,2.0,2.0,3.0,-1.0,-1.0,w1
42488F7231,2.0,2.0,2.0,2.0,2.0,0.0,0.0,w1
BEA97CE4F4,2.0,0.0,3.0,3.0,2.0,1.0,2.0,w1
653FA3902D,2.0,1.0,1.0,4.0,3.0,1.0,2.0,w1
1E11FA0CC9,2.0,0.0,4.0,4.0,3.0,1.0,1.0,w1
E3FAA9F0AC,4.0,0.0,8.0,8.0,4.0,4.0,5.0,w1
73B37AD99B,2.0,1.0,1.0,1.0,1.0,1.0,1.0,w1
A7107030B6,1.0,0.0,2.0,3.0,3.0,-0.0,0.0,w1
27BEA222FD,5.0,2.0,6.0,6.0,3.0,3.0,3.0,w1
1274D0C250,0.0,0.0,1.0,1.0,0.0,0.0,0.0,w1
0940EF93AC,2.0,2.0,0.0,0.0,0.0,-0.0,-0.0,w1
6A79D9793D,3.0,1.0,2.0,2.0,7.0,-4.0,-4.0,w1
73CE71080C,0.0,1.0,0.0,0.0,1.0,-1.0,-1.0,w1
385958101B,2.0,0.0,3.0,3.0,2.0,1.0,1.0,w1
F3C445CDE8,1.0,0.0,2.0,2.0,4.0,-3.0,-3.0,w1
E4E9089B13,4.0,0.0,5.0,5.0,5.0,-0.0,-0.0,w1
4CAE58F99E,0.0,0.0,0.0,0.0,0.0,0.0,1.0,w1
F490926209,2.0,0.0,2.0,2.0,1.0,0.0,0.0,w1
5BE6348FBF,1.0,2.0,-1.0,-1.0,3.0,-4.0,-4.0,w1
8883C02656,1.0,1.0,1.0,1.0,1.0,-0.0,-0.0,w1
1E83A2C8D3,3.0,1.0,2.0,2.0,1.0,1.0,2.0,w1
37C836141A,2.0,2.0,3.0,3.0,2.0,1.0,2.0,w1
07EC15BF72,3.0,0.0,5.0,5.0,3.0,2.0,2.0,w1
FF653164C0,2.0,0.0,3.0,3.0,2.0,1.0,1.0,w1
B0A025A015,1.0,1.0,1.0,1.0,2.0,-1.0,-1.0,w1
125DABEDBA,2.0,1.0,1.0,1.0,1.0,0.0,0.0,w1
AE44CDBE65,0.0,3.0,0.0,0.0,1.0,-1.0,-1.0,w1
5949A1B461,1.0,0.0,1.0,1.0,1.0,-0.0,-0.0,w1
7A088069E4,1.0,0.0,2.0,2.0,2.0,-0.0,-0.0,w1
8C769E9C86,3.0,0.0,3.0,3.0,2.0,1.0,1.0,w1
0C92B16A59,1.0,0.0,1.0,1.0,3.0,-1.0,-1.0,w1
60842FA09D,1.0,0.0,1.0,2.0,2.0,0.0,1.0,w1
951F7B30C7,3.0,0.0,4.0,4.0,3.0,2.0,2.0,w1
7D85A6F2E4,3.0,0.0,3.0,3.0,5.0,-2.0,-2.0,w1
5F1E32F5CA,5.0,0.0,5.0,5.0,5.0,-0.0,-0.0,w1
F98938306D,2.0,1.0,2.0,2.0,1.0,1.0,1.0,w1
9B45846C8E,3.0,1.0,3.0,3.0,3.0,0.0,0.0,w1
DCB7F2001A,2.0,1.0,1.0,1.0,3.0,-1.0,-1.0,w1
D6A0A37D06,1.0,1.0,1.0,1.0,2.0,-1.0,-1.0,w1
DFFB12D4F7,1.0,0.0,2.0,2.0,2.0,0.0,0.0,w1
0956204E7F,1.0,1.0,0.0,0.0,2.0,-2.0,-2.0,w1
D0DB0D26D9,3.0,3.0,2.0,2.0,2.0,-1.0,-1.0,w1
DFD301E8B2,0.0,0.0,4.0,4.0,2.0,2.0,2.0,w1
46FED2A1B4,2.0,1.0,1.0,2.0,3.0,-1.0,-1.0,w1
2715EC98AA,0.0,2.0,-0.0,-0.0,1.0,-1.0,-0.0,w1
C3F235F5E6,1.0,1.0,-0.0,-0.0,0.0,-0.0,-0.0,w1
932457DD67,3.0,1.0,2.0,2.0,2.0,0.0,1.0,w1
F86FBB8371,5.0,1.0,5.0,5.0,3.0,2.0,2.0,w1
D39630FFB1,0.0,0.0,1.0,1.0,1.0,-0.0,-0.0,w1
B24AEE6D7E,1.0,0.0,2.0,2.0,4.0,-2.0,-2.0,w1
BCD7AF2284,1.0,0.0,3.0,3.0,2.0,1.0,1.0,w1
CF18658858,2.0,1.0,5.0,5.0,3.0,2.0,2.0,w1
7EB9C3A43F,1.0,2.0,5.0,5.0,2.0,2.0,2.0,w1
7C3D5EAF52,2.0,1.0,4.0,4.0,3.0,1.0,1.0,w1
FC8CA53DDB,2.0,1.0,1.0,1.0,1.0,1.0,1.0,w1
E0E0F721CF,7.0,0.0,9.0,9.0,5.0,4.0,5.0,w1
597DC74885,2.0,0.0,4.0,4.0,2.0,1.0,1.0,w1
EFD4CCE03E,0.0,1.0,-1.0,-1.0,0.0,-1.0,-1.0,w1
DDF74B6BFA,5.0,0.0,7.0,7.0,3.0,3.0,3.0,w1
C556DD2291,3.0,1.0,2.0,2.0,2.0,1.0,1.0,w1
99113A30A0,3.0,2.0,2.0,2.0,2.0,1.0,1.0,w1
280DDC7F85,1.0,0.0,2.0,2.0,1.0,1.0,1.0,w1
8118CD34D3,1.0,1.0,7.0,7.0,4.0,3.0,3.0,w1
E744F8FAC5,1.0,0.0,4.0,4.0,3.0,2.0,2.0,w1
98E989FBBC,1.0,0.0,2.0,2.0,1.0,0.0,0.0,w1
7F3C127E07,2.0,4.0,0.0,0.0,3.0,-2.0,-2.0,w1
16C7FFAB1E,9.0,0.0,9.0,18.0,12.0,6.0,10.0,w2
D8DF5B499C,2.0,1.0,2.0,4.0,3.0,1.0,1.0,w2
4947BA5431,4.0,1.0,4.0,8.0,6.0,2.0,2.0,w2
307C702C70,7.0,1.0,7.0,13.0,8.0,5.0,5.0,w2
85F7B7B5F4,3.0,1.0,10.0,20.0,11.0,8.0,8.0,w2
A4760F3092,2.0,0.0,3.0,7.0,4.0,2.0,2.0,w2
A1C476B1F2,3.0,1.0,3.0,6.0,8.0,-2.0,-2.0,w2
6FAAD20426,8.0,3.0,5.0,10.0,7.0,3.0,3.0,w2
277D1E8809,1.0,1.0,0.0,1.0,1.0,0.0,0.0,w2
ECC2EA5E6D,6.0,2.0,7.0,13.0,7.0,6.0,6.0,w2
0F00A30E45,5.0,1.0,5.0,10.0,6.0,4.0,6.0,w2
D320365B23,7.0,1.0,8.0,17.0,9.0,7.0,7.0,w2
1301E4E197,5.0,2.0,4.0,9.0,5.0,4.0,4.0,w2
BFA8B7EDE8,3.0,2.0,2.0,4.0,2.0,2.0,2.0,w2
62C91A2A34,5.0,0.0,9.0,17.0,9.0,8.0,8.0,w2
E0FCF2FBEB,3.0,1.0,4.0,8.0,5.0,3.0,3.0,w2
33CDD2A403,3.0,1.0,3.0,7.0,4.0,3.0,3.0,w2
D720739951,7.0,1.0,6.0,13.0,8.0,5.0,5.0,w2
68A2B9886C,5.0,0.0,6.0,12.0,9.0,3.0,3.0,w2
F6D4C8A3D1,2.0,0.0,2.0,4.0,3.0,1.0,1.0,w2
BA071D772A,11.0,0.0,12.0,23.0,16.0,7.0,7.0,w2
955CBEAA85,3.0,3.0,1.0,1.0,1.0,1.0,1.0,w2
89D9937E03,3.0,0.0,3.0,5.0,3.0,2.0,2.0,w2
2639E1A30A,4.0,0.0,5.0,9.0,5.0,4.0,4.0,w2
9403C0FB6F,5.0,2.0,3.0,6.0,4.0,2.0,2.0,w2
2DB37B309E,4.0,1.0,4.0,8.0,5.0,3.0,3.0,w2
E32F04A610,6.0,2.0,5.0,9.0,5.0,4.0,4.0,w2
47D767A73A,4.0,0.0,7.0,13.0,9.0,4.0,4.0,w2
833BEEE75F,5.0,3.0,3.0,5.0,3.0,2.0,2.0,w2
E212E6D274,5.0,1.0,4.0,8.0,5.0,4.0,4.0,w2
4124D645FA,4.0,0.0,5.0,11.0,8.0,2.0,2.0,w2
7CFE4F88F7,5.0,0.0,4.0,9.0,5.0,4.0,4.0,w2
0BE41A9045,2.0,1.0,2.0,5.0,3.0,2.0,2.0,w2
D1552AB223,2.0,0.0,2.0,4.0,2.0,2.0,2.0,w2
E16C0EA408,4.0,0.0,7.0,14.0,8.0,6.0,6.0,w2
B288467F0E,6.0,1.0,5.0,11.0,6.0,5.0,5.0,w2
F86622636B,6.0,1.0,5.0,10.0,6.0,4.0,4.0,w2
0151D4DB04,3.0,0.0,4.0,8.0,5.0,3.0,3.0,w2
2039F913C7,4.0,0.0,4.0,8.0,4.0,3.0,5.0,w2
6260AD714F,4.0,1.0,6.0,11.0,6.0,5.0,5.0,w2
676049C8CF,3.0,0.0,4.0,9.0,5.0,4.0,4.0,w2
CCA14ABB12,1.0,1.0,0.0,1.0,1.0,0.0,0.0,w2
66D47E1D75,1.0,1.0,1.0,2.0,2.0,0.0,0.0,w2
8C4247251D,3.0,0.0,4.0,8.0,4.0,4.0,4.0,w2
8EAB90759A,5.0,1.0,4.0,8.0,6.0,2.0,2.0,w2
6458F8AC60,2.0,1.0,4.0,8.0,4.0,3.0,3.0,w2
1F5F0DCB10,6.0,0.0,6.0,13.0,7.0,6.0,6.0,w2
36FED6D9BF,4.0,0.0,5.0,10.0,5.0,5.0,5.0,w2
8D881374FF,1.0,1.0,1.0,2.0,1.0,1.0,1.0,w2
0EA67F0E63,5.0,1.0,5.0,9.0,5.0,4.0,5.0,w2
C6926B9888,5.0,0.0,5.0,9.0,6.0,3.0,3.0,w2
AC0975F7B2,6.0,1.0,7.0,14.0,8.0,5.0,5.0,w2
74A685EDB3,2.0,0.0,10.0,20.0,11.0,9.0,9.0,w2
670196634A,5.0,4.0,3.0,7.0,4.0,3.0,3.0,w2
27DF523652,7.0,0.0,8.0,15.0,8.0,8.0,8.0,w2
3A767EEB9D,5.0,0.0,5.0,10.0,6.0,4.0,4.0,w2
E30D41117A,5.0,0.0,6.0,12.0,9.0,3.0,4.0,w2
0BD6B55002,6.0,1.0,7.0,14.0,8.0,6.0,6.0,w2
85F779851A,8.0,0.0,8.0,16.0,8.0,8.0,8.0,w2
5412AFD37B,3.0,1.0,3.0,6.0,5.0,1.0,1.0,w2
ED2F26E1BE,1.0,1.0,5.0,10.0,6.0,4.0,4.0,w2
BD9354EEE4,3.0,1.0,2.0,4.0,2.0,2.0,2.0,w2
76E9EBA397,2.0,1.0,1.0,3.0,2.0,0.0,1.0,w2
5211FBB7A7,2.0,3.0,-0.0,-1.0,-0.0,-1.0,-1.0,w2
D77FDCDD71,4.0,2.0,3.0,6.0,4.0,2.0,2.0,w2
899C7B429F,5.0,1.0,5.0,10.0,6.0,4.0,4.0,w2
20353450EF,2.0,0.0,1.0,3.0,1.0,1.0,1.0,w2
5BDFF185B3,5.0,1.0,4.0,8.0,6.0,2.0,2.0,w2
DAFEB8F1F5,3.0,2.0,2.0,4.0,4.0,0.0,0.0,w2
BC197165B8,2.0,0.0,1.0,3.0,1.0,1.0,1.0,w2
1384DF37A6,5.0,1.0,4.0,9.0,4.0,4.0,4.0,w2
0B5150E851,8.0,6.0,3.0,6.0,3.0,3.0,3.0,w2
C6DD0BC1EF,6.0,0.0,7.0,14.0,9.0,5.0,5.0,w2
F32062816F,1.0,1.0,1.0,2.0,1.0,1.0,1.0,w2
1B726EAD4A,5.0,0.0,5.0,11.0,6.0,5.0,5.0,w2
4B3EF8B54E,4.0,1.0,4.0,7.0,4.0,4.0,4.0,w2
8F8A94ED69,2.0,1.0,0.0,1.0,2.0,-1.0,-0.0,w2
C11DEE156D,2.0,1.0,4.0,8.0,7.0,1.0,2.0,w2
9F6D0A2345,4.0,4.0,1.0,3.0,4.0,-1.0,-0.0,w2
ABA318B3C3,2.0,1.0,3.0,5.0,4.0,1.0,1.0,w2
CEE24F8EE9,2.0,3.0,1.0,2.0,1.0,1.0,1.0,w2
86F5C4701E,5.0,0.0,6.0,13.0,7.0,6.0,6.0,w2
5454F42973,3.0,1.0,4.0,9.0,5.0,4.0,4.0,w2
40041DDD95,4.0,0.0,4.0,8.0,5.0,3.0,3.0,w2
DA99A0340F,2.0,0.0,1.0,3.0,1.0,1.0,3.0,w2
41C9103C1D,3.0,0.0,3.0,5.0,3.0,2.0,2.0,w2
E9F1E615E0,4.0,0.0,5.0,9.0,5.0,5.0,5.0,w2
D018285A0A,6.0,0.0,7.0,13.0,7.0,6.0,6.0,w2
EEEC67D8A3,5.0,1.0,4.0,9.0,6.0,3.0,3.0,w2
400BA7E97B,3.0,1.0,3.0,6.0,3.0,3.0,3.0,w2
FAA62F5630,5.0,1.0,4.0,9.0,6.0,3.0,3.0,w2
E292C1F43E,4.0,1.0,3.0,7.0,8.0,-1.0,-1.0,w2
9FE561BDEC,3.0,1.0,2.0,5.0,3.0,1.0,1.0,w2
03F33A0360,2.0,3.0,-1.0,-2.0,1.0,-3.0,-3.0,w2
CAB78F135E,5.0,0.0,6.0,11.0,7.0,4.0,4.0,w2
0A028FA59B,3.0,1.0,3.0,5.0,5.0,1.0,1.0,w2
40178E1555,3.0,2.0,2.0,4.0,2.0,2.0,3.0,w2
439FE38F8D,3.0,1.0,3.0,6.0,6.0,-0.0,-0.0,w2
8A6E4C565C,2.0,1.0,2.0,3.0,2.0,2.0,2.0,w2
2D1FD49614,2.0,0.0,3.0,5.0,3.0,2.0,2.0,w2
F4C7334D28,3.0,2.0,1.0,1.0,2.0,-1.0,-1.0,w2
65B250555B,2.0,1.0,2.0,5.0,3.0,2.0,3.0,w2
966033FB35,7.0,0.0,9.0,19.0,9.0,9.0,9.0,w2
70E247B5FE,5.0,0.0,5.0,10.0,6.0,4.0,4.0,w2
EE5714515F,3.0,0.0,3.0,7.0,4.0,4.0,4.0,w2
BCBD28B930,2.0,1.0,2.0,3.0,2.0,2.0,2.0,w2
BC19790B36,6.0,1.0,6.0,13.0,6.0,6.0,6.0,w2
1F888EEBA9,6.0,7.0,-0.0,-0.0,0.0,-1.0,-1.0,w2
47FB46A045,12.0,0.0,13.0,26.0,14.0,12.0,13.0,w2
CE7912CD18,4.0,1.0,4.0,9.0,5.0,4.0,5.0,w2
4CF9E043A6,7.0,1.0,8.0,17.0,10.0,6.0,9.0,w2
E7E5057C09,6.0,2.0,8.0,17.0,10.0,7.0,7.0,w2
AFEB09461A,3.0,0.0,3.0,6.0,4.0,2.0,2.0,w2
F8FEE0BA7B,3.0,2.0,3.0,5.0,3.0,2.0,2.0,w2
B1F92214CF,3.0,2.0,4.0,8.0,7.0,1.0,1.0,w2
DF09DE616E,5.0,2.0,4.0,9.0,4.0,4.0,4.0,w2
EBBADED0D8,5.0,0.0,5.0,10.0,9.0,1.0,1.0,w2
05ADCB092B,3.0,1.0,3.0,6.0,4.0,3.0,3.0,w2
B752F0ECD6,5.0,1.0,5.0,10.0,6.0,4.0,4.0,w2
3134A5CC75,2.0,4.0,2.0,4.0,4.0,-0.0,-0.0,w2
F6BF9C060D,3.0,1.0,6.0,13.0,9.0,4.0,4.0,w2
7C244FC606,3.0,2.0,2.0,4.0,2.0,1.0,1.0,w2
B059EE39F4,2.0,2.0,1.0,1.0,2.0,-1.0,-1.0,w2
C828FF16FA,5.0,4.0,1.0,3.0,3.0,-0.0,-0.0,w2
0F00956384,4.0,3.0,1.0,2.0,3.0,-1.0,-1.0,w2
34C0EDF8D6,4.0,1.0,3.0,6.0,4.0,2.0,2.0,w2
8F9E338B58,4.0,1.0,2.0,5.0,3.0,2.0,2.0,w2
8ADA88D234,6.0,1.0,6.0,12.0,10.0,2.0,2.0,w2
9110D40375,4.0,1.0,3.0,7.0,4.0,3.0,3.0,w2
BC75D595C3,2.0,1.0,2.0,4.0,3.0,2.0,2.0,w2
40629F8392,7.0,0.0,7.0,15.0,8.0,6.0,6.0,w2
3DC648C0A3,0.0,0.0,1.0,2.0,3.0,-1.0,-1.0,w2
CD1A430CB9,2.0,0.0,2.0,5.0,2.0,2.0,2.0,w2
B93A18D71F,5.0,1.0,4.0,9.0,5.0,3.0,3.0,w2
5CD3ED3130,3.0,1.0,5.0,11.0,6.0,5.0,5.0,w2
25301611F7,5.0,2.0,3.0,5.0,4.0,1.0,1.0,w2
C74F1CAF71,9.0,1.0,8.0,16.0,10.0,6.0,6.0,w2
6CFFA64F14,2.0,0.0,3.0,5.0,3.0,3.0,3.0,w2
46FAB8A2B6,8.0,0.0,10.0,19.0,10.0,9.0,10.0,w2
948C3F1416,2.0,0.0,3.0,6.0,3.0,3.0,3.0,w2
CA06F712D3,2.0,0.0,3.0,5.0,3.0,2.0,5.0,w2
7772428434,2.0,1.0,2.0,5.0,3.0,2.0,2.0,w2
A4033CE01A,5.0,2.0,4.0,7.0,5.0,3.0,3.0,w2
5227AFB7A3,5.0,0.0,5.0,11.0,6.0,5.0,5.0,w2
2BAD7D907C,3.0,3.0,1.0,2.0,1.0,0.0,0.0,w2
70C2C924BB,3.0,0.0,4.0,7.0,4.0,4.0,4.0,w2
12BE82DF76,2.0,0.0,2.0,6.0,9.0,-3.0,-3.0,w2
CD230EAA38,5.0,2.0,3.0,5.0,4.0,1.0,1.0,w2
58BF06B98C,2.0,0.0,3.0,6.0,3.0,3.0,3.0,w2
E0B23017AB,1.0,1.0,1.0,2.0,1.0,1.0,1.0,w2
DA2D072E4F,4.0,1.0,3.0,6.0,6.0,-0.0,-0.0,w2
45217FBE7A,2.0,0.0,3.0,7.0,7.0,-0.0,-0.0,w2
129D5B91A0,2.0,0.0,2.0,4.0,5.0,-0.0,-0.0,w2
7E5E396CE1,4.0,1.0,5.0,10.0,7.0,3.0,3.0,w2
EB1569AAAC,3.0,0.0,3.0,5.0,4.0,1.0,1.0,w2
AFCD099E4F,3.0,0.0,3.0,5.0,3.0,2.0,2.0,w2
6B81CB9407,3.0,1.0,3.0,6.0,4.0,2.0,2.0,w2
68CEE6831C,4.0,0.0,7.0,14.0,9.0,6.0,6.0,w2
F5867663E6,4.0,1.0,4.0,8.0,4.0,3.0,3.0,w2
0C5D6E236C,4.0,1.0,4.0,8.0,5.0,2.0,2.0,w2
480C6BC6A7,10.0,4.0,7.0,13.0,7.0,6.0,6.0,w2
D3BA17B067,4.0,0.0,4.0,9.0,5.0,3.0,4.0,w2
9705C50A09,5.0,1.0,7.0,13.0,11.0,2.0,3.0,w2
88B8865A02,3.0,4.0,-1.0,-2.0,-1.0,-1.0,-1.0,w2
BD3D19E310,2.0,1.0,2.0,4.0,4.0,1.0,1.0,w2
DFF1AF3E69,2.0,0.0,2.0,3.0,3.0,1.0,1.0,w2
36FB3BD47A,2.0,0.0,2.0,4.0,2.0,1.0,2.0,w2
226E7D3CFE,6.0,0.0,6.0,12.0,7.0,5.0,5.0,w2
A6B07C103F,1.0,1.0,-0.0,1.0,2.0,-1.0,-1.0,w2
B5B4C31807,5.0,1.0,6.0,12.0,8.0,4.0,4.0,w2
55A1D14D53,3.0,0.0,3.0,6.0,4.0,2.0,2.0,w2
632B27A7D9,2.0,2.0,1.0,2.0,1.0,0.0,0.0,w2
374EBD0B9E,2.0,0.0,2.0,4.0,4.0,1.0,1.0,w2
5C0857660C,2.0,0.0,2.0,5.0,3.0,2.0,2.0,w2
AA49F639C1,3.0,1.0,2.0,4.0,3.0,1.0,1.0,w2
FCAD23A4B1,5.0,1.0,4.0,8.0,8.0,1.0,1.0,w2
98524FB032,6.0,3.0,6.0,13.0,8.0,4.0,4.0,w2
C458871546,4.0,1.0,3.0,7.0,7.0,0.0,0.0,w2
D9D77B31DF,2.0,1.0,3.0,5.0,3.0,2.0,2.0,w2
71A25CC078,2.0,1.0,4.0,8.0,5.0,4.0,4.0,w2
E5D456B20B,8.0,1.0,8.0,17.0,9.0,8.0,8.0,w2
2408F9DBEA,5.0,2.0,3.0,7.0,4.0,3.0,3.0,w2
DCDBA5697D,3.0,0.0,3.0,6.0,3.0,3.0,3.0,w2
04523FBB3F,4.0,1.0,5.0,11.0,7.0,4.0,4.0,w2
6380843342,5.0,1.0,6.0,11.0,6.0,5.0,5.0,w2
F5AE62FFAF,5.0,2.0,4.0,7.0,4.0,3.0,3.0,w2
8BE200BA35,5.0,1.0,4.0,8.0,5.0,3.0,3.0,w2
336B538FC6,5.0,1.0,4.0,8.0,4.0,4.0,4.0,w2
C8DBE3474F,3.0,0.0,3.0,6.0,3.0,3.0,3.0,w2
D2B59CB782,3.0,1.0,2.0,4.0,4.0,1.0,1.0,w2
E07D243BBE,8.0,0.0,9.0,17.0,9.0,8.0,8.0,w2
AC25685C16,7.0,1.0,8.0,15.0,8.0,7.0,7.0,w2
3036668E04,6.0,0.0,8.0,15.0,8.0,7.0,7.0,w2
DE2BD4ECD4,2.0,1.0,2.0,4.0,2.0,2.0,2.0,w2
0A9E2F0C77,5.0,1.0,5.0,10.0,6.0,4.0,4.0,w2
6264E29853,7.0,0.0,7.0,13.0,7.0,6.0,7.0,w2
B47EBE8980,6.0,0.0,6.0,13.0,7.0,7.0,7.0,w2
B176581468,2.0,1.0,1.0,2.0,1.0,1.0,1.0,w2
93471001C7,3.0,1.0,2.0,5.0,3.0,2.0,2.0,w2
DFEE2FDCD8,6.0,0.0,6.0,12.0,6.0,5.0,5.0,w2
F49274F33F,7.0,0.0,10.0,20.0,11.0,9.0,9.0,w2
1144871211,4.0,1.0,3.0,10.0,8.0,3.0,3.0,w2
551D47F31B,6.0,0.0,6.0,12.0,6.0,6.0,6.0,w2
610FE27023,3.0,0.0,3.0,6.0,4.0,2.0,2.0,w2
96A84F4E83,4.0,0.0,5.0,9.0,6.0,3.0,3.0,w2
97B2D41696,7.0,1.0,9.0,20.0,10.0,10.0,10.0,w2
00A29E4D55,2.0,1.0,1.0,2.0,5.0,-3.0,-3.0,w2
A466642F1F,3.0,0.0,3.0,7.0,3.0,3.0,4.0,w2
23FFF78524,3.0,1.0,4.0,9.0,4.0,4.0,4.0,w2
791A655667,7.0,0.0,9.0,17.0,10.0,8.0,8.0,w2
CA2372138E,7.0,2.0,5.0,11.0,6.0,5.0,5.0,w2
7F099F525B,2.0,1.0,1.0,3.0,2.0,1.0,2.0,w2
3F17B1A671,2.0,1.0,2.0,4.0,2.0,2.0,2.0,w2
097915DB1F,1.0,0.0,2.0,4.0,5.0,-1.0,-1.0,w2
FD33607789,9.0,0.0,11.0,22.0,12.0,10.0,10.0,w2
235FAA0D78,7.0,0.0,7.0,14.0,8.0,7.0,7.0,w2
118C154639,6.0,2.0,4.0,7.0,5.0,2.0,3.0,w2
272E587F73,7.0,1.0,7.0,14.0,9.0,5.0,5.0,w2
12B05B3419,2.0,1.0,2.0,4.0,2.0,2.0,2.0,w2
5C1CC8FD0B,6.0,1.0,4.0,9.0,5.0,4.0,4.0,w2
308470E3C8,6.0,1.0,6.0,12.0,8.0,3.0,3.0,w2
9C224B65B1,2.0,0.0,4.0,7.0,5.0,2.0,2.0,w2
FCEB34EBF5,2.0,0.0,3.0,6.0,3.0,3.0,3.0,w2
67300E4127,4.0,1.0,3.0,6.0,6.0,0.0,0.0,w2
92FCD21FC3,2.0,0.0,2.0,4.0,2.0,2.0,2.0,w2
F56C93D79D,2.0,2.0,4.0,7.0,4.0,3.0,3.0,w2
B31D1188EA,4.0,1.0,5.0,10.0,6.0,3.0,3.0,w2
46437A3133,9.0,0.0,10.0,19.0,10.0,9.0,10.0,w2
3B506286E5,5.0,0.0,4.0,9.0,5.0,4.0,4.0,w2
6E6E473504,1.0,1.0,2.0,5.0,3.0,2.0,2.0,w2
D4AFDDFAFD,4.0,4.0,0.0,0.0,1.0,-1.0,-1.0,w2
C65E3D27E9,5.0,0.0,8.0,16.0,10.0,6.0,6.0,w2
4E72F09D62,3.0,1.0,3.0,6.0,3.0,3.0,3.0,w2
9FA81A3759,4.0,1.0,4.0,7.0,4.0,4.0,4.0,w2
25379EB5D9,3.0,0.0,4.0,8.0,4.0,4.0,4.0,w2
B88EEE9943,4.0,0.0,6.0,12.0,8.0,4.0,5.0,w2
410B8DC9FC,1.0,1.0,1.0,2.0,1.0,0.0,1.0,w2
4E33F80CE7,2.0,1.0,1.0,2.0,2.0,0.0,1.0,w2
F6BE21FF2D,3.0,2.0,2.0,3.0,4.0,-0.0,-0.0,w2
C9EA0BD95D,2.0,0.0,4.0,7.0,5.0,3.0,3.0,w2
A344BDDA72,5.0,0.0,5.0,10.0,5.0,5.0,5.0,w2
6516738C9C,5.0,1.0,5.0,12.0,9.0,3.0,3.0,w2
CB641DB988,3.0,0.0,3.0,7.0,4.0,3.0,3.0,w2
7151CE9651,5.0,3.0,2.0,5.0,3.0,1.0,1.0,w2
5BD27A70EA,2.0,1.0,3.0,5.0,5.0,0.0,0.0,w2
0AAE034205,2.0,2.0,2.0,3.0,3.0,0.0,0.0,w2
042A7B9E25,1.0,3.0,2.0,3.0,3.0,0.0,0.0,w2
6513D7FCED,4.0,0.0,4.0,8.0,4.0,4.0,6.0,w2
81378A92DC,4.0,3.0,2.0,5.0,4.0,1.0,1.0,w2
810BE3290A,1.0,0.0,7.0,13.0,7.0,6.0,6.0,w2
0B291015A1,3.0,1.0,2.0,5.0,4.0,0.0,1.0,w2
DFB4E38D05,3.0,1.0,3.0,6.0,4.0,2.0,2.0,w2
35F4BBC0B5,7.0,0.0,7.0,14.0,9.0,5.0,5.0,w2
ED8948AD2C,4.0,0.0,5.0,11.0,6.0,5.0,5.0,w2
A212C94821,8.0,1.0,9.0,18.0,9.0,9.0,9.0,w2
82E392C091,7.0,3.0,5.0,11.0,6.0,5.0,5.0,w2
C068B95115,4.0,1.0,4.0,9.0,5.0,3.0,3.0,w2
E33E96A858,3.0,1.0,2.0,5.0,3.0,2.0,3.0,w2
07B644BD94,2.0,0.0,2.0,5.0,3.0,2.0,2.0,w2
358D78C54C,7.0,2.0,5.0,11.0,6.0,4.0,4.0,w2
73AA196D94,4.0,1.0,6.0,12.0,7.0,5.0,5.0,w2
11DBAC45B6,3.0,0.0,3.0,6.0,5.0,1.0,5.0,w2
9205064406,4.0,0.0,4.0,8.0,4.0,3.0,3.0,w2
1A9CD3C70F,2.0,1.0,1.0,3.0,2.0,1.0,1.0,w2
63BF54DCE9,4.0,0.0,4.0,9.0,5.0,4.0,4.0,w2
866627145D,5.0,0.0,5.0,11.0,5.0,5.0,5.0,w2
B9955FF9B1,2.0,0.0,2.0,4.0,3.0,1.0,1.0,w2
FE52EB434C,4.0,0.0,5.0,10.0,9.0,1.0,1.0,w2
58AAAC6ECF,2.0,0.0,3.0,7.0,5.0,3.0,3.0,w2
808ED74700,4.0,2.0,4.0,9.0,5.0,4.0,4.0,w2
906466D7A8,2.0,5.0,-2.0,-5.0,-1.0,-4.0,-4.0,w2
48A3D51C95,2.0,0.0,4.0,8.0,5.0,2.0,2.0,w2
0ECA44FF29,5.0,2.0,5.0,9.0,6.0,3.0,3.0,w2
3CFB7C6A97,7.0,1.0,7.0,14.0,10.0,4.0,4.0,w2
49A3E5AE7C,4.0,1.0,4.0,9.0,6.0,3.0,3.0,w2
AD6611A935,1.0,1.0,1.0,3.0,4.0,-1.0,-1.0,w2
266AD08EE2,4.0,0.0,4.0,7.0,5.0,2.0,2.0,w2
BF4CEF3C03,6.0,1.0,6.0,12.0,7.0,6.0,6.0,w2
15764AB306,7.0,1.0,7.0,13.0,7.0,7.0,7.0,w2
A8578C60B5,7.0,1.0,6.0,13.0,8.0,6.0,6.0,w2
C4F6317359,2.0,0.0,2.0,5.0,3.0,2.0,2.0,w2
9E876A066F,4.0,0.0,4.0,8.0,5.0,3.0,3.0,w2
57ABA81F9F,3.0,1.0,2.0,5.0,2.0,2.0,2.0,w2
274A7596C1,3.0,1.0,9.0,17.0,9.0,8.0,8.0,w2
38127889CC,6.0,0.0,6.0,12.0,7.0,4.0,4.0,w2
42B47EE14D,1.0,2.0,0.0,1.0,1.0,-1.0,-1.0,w2
1C03114184,6.0,1.0,6.0,14.0,7.0,6.0,8.0,w2
73BBD33F2C,3.0,0.0,3.0,7.0,4.0,3.0,3.0,w2
5D5B880754,1.0,0.0,1.0,3.0,10.0,-7.0,-7.0,w2
651578240C,2.0,1.0,2.0,3.0,3.0,0.0,0.0,w2
6E64FCA904,4.0,0.0,5.0,10.0,8.0,1.0,1.0,w2
06ED2663BD,3.0,2.0,2.0,3.0,2.0,1.0,1.0,w2
04380DB6DC,2.0,0.0,3.0,6.0,3.0,3.0,3.0,w2
3DDEA592BC,3.0,1.0,2.0,4.0,2.0,2.0,2.0,w2
392396B25C,2.0,0.0,2.0,5.0,3.0,2.0,2.0,w2
4ACFE62E92,2.0,0.0,2.0,3.0,2.0,1.0,1.0,w2
267DA9FD32,7.0,1.0,6.0,13.0,6.0,6.0,6.0,w2
30B93E15B0,7.0,4.0,3.0,6.0,4.0,3.0,3.0,w2
95E90AFE18,6.0,0.0,6.0,12.0,6.0,5.0,5.0,w2
19D938449B,2.0,0.0,5.0,9.0,6.0,3.0,3.0,w2
B0C7AA2CFF,3.0,1.0,3.0,5.0,3.0,3.0,3.0,w2
C0FC894A10,5.0,0.0,5.0,10.0,6.0,4.0,4.0,w2
5C1135B59F,6.0,1.0,7.0,13.0,7.0,6.0,6.0,w2
9F22694878,8.0,0.0,8.0,16.0,9.0,6.0,7.0,w2
9FB0F7D867,3.0,2.0,2.0,4.0,2.0,2.0,3.0,w2
1B40943C23,2.0,0.0,4.0,8.0,4.0,3.0,4.0,w2
85F4AF8A3F,3.0,0.0,5.0,10.0,6.0,5.0,5.0,w2
6163BC17CB,3.0,2.0,1.0,1.0,3.0,-1.0,-1.0,w2
2B948FE384,3.0,1.0,2.0,4.0,4.0,-0.0,-0.0,w2
240D99DD9E,1.0,0.0,4.0,8.0,9.0,-1.0,-1.0,w2
F2ACE90E99,1.0,1.0,1.0,1.0,1.0,0.0,1.0,w2
DFD7CAAE95,3.0,1.0,2.0,5.0,3.0,2.0,2.0,w2
C52FF7B27C,5.0,1.0,4.0,9.0,5.0,4.0,4.0,w2
77E0BF855F,1.0,0.0,4.0,8.0,6.0,2.0,2.0,w2
CED4C066D1,5.0,0.0,5.0,10.0,6.0,4.0,4.0,w2
A20548A857,7.0,0.0,8.0,16.0,8.0,8.0,8.0,w2
FEDF5CF34A,3.0,0.0,3.0,6.0,3.0,2.0,2.0,w2
4BB5B446F0,11.0,0.0,10.0,21.0,11.0,10.0,10.0,w2
1BE894FB39,3.0,2.0,3.0,5.0,3.0,2.0,2.0,w2
056D3AA56E,2.0,0.0,2.0,3.0,2.0,1.0,1.0,w2
DA1F353C65,2.0,0.0,3.0,5.0,4.0,2.0,2.0,w2
25FF525C0E,3.0,0.0,5.0,12.0,7.0,4.0,4.0,w2
58739D9B7C,3.0,1.0,3.0,5.0,3.0,2.0,2.0,w2
5B9E4E787E,5.0,1.0,5.0,10.0,9.0,2.0,2.0,w2
AF248270E7,2.0,0.0,1.0,3.0,2.0,1.0,1.0,w2
F564C3BC5F,12.0,1.0,12.0,24.0,14.0,10.0,10.0,w2
2B66866CAD,5.0,1.0,6.0,13.0,8.0,5.0,5.0,w2
EC17033FFB,4.0,0.0,4.0,8.0,5.0,4.0,4.0,w2
5CC4801816,2.0,0.0,7.0,15.0,8.0,7.0,7.0,w2
B592BA7F4B,4.0,0.0,4.0,8.0,6.0,3.0,3.0,w2
1D6C8A9DDD,5.0,2.0,6.0,12.0,6.0,6.0,6.0,w2
218CB4911D,6.0,0.0,6.0,12.0,7.0,5.0,5.0,w2
1D163A537F,4.0,1.0,3.0,7.0,5.0,2.0,3.0,w2
2C9A75069A,4.0,3.0,1.0,4.0,3.0,1.0,1.0,w2
C543191A08,4.0,1.0,3.0,7.0,3.0,3.0,3.0,w2
82254605D8,3.0,0.0,4.0,8.0,6.0,2.0,2.0,w2
8F4EA6305F,3.0,0.0,3.0,6.0,4.0,2.0,3.0,w2
9A0215A899,2.0,0.0,3.0,6.0,4.0,2.0,2.0,w2
1C08596D64,5.0,1.0,5.0,10.0,6.0,4.0,4.0,w2
4738905F72,4.0,1.0,5.0,10.0,5.0,5.0,6.0,w2
ECC3B709F5,3.0,0.0,4.0,7.0,5.0,2.0,2.0,w2
B7D442D202,5.0,0.0,5.0,11.0,7.0,5.0,5.0,w2
A821211E2A,5.0,4.0,2.0,5.0,2.0,2.0,2.0,w2
7307745CAB,6.0,2.0,4.0,9.0,4.0,4.0,5.0,w2
C1C8A9CEB5,2.0,0.0,2.0,5.0,3.0,2.0,2.0,w2
2997505CFD,2.0,0.0,2.0,5.0,2.0,2.0,2.0,w2
92E90957AF,5.0,1.0,4.0,9.0,6.0,3.0,3.0,w2
5D14486759,3.0,2.0,4.0,8.0,6.0,2.0,2.0,w2
632BDAEF03,4.0,2.0,2.0,4.0,7.0,-2.0,-2.0,w2
55DE4B092A,3.0,1.0,5.0,11.0,5.0,5.0,5.0,w2
A98985DBC5,6.0,1.0,6.0,12.0,8.0,4.0,4.0,w2
68B809035E,2.0,0.0,3.0,7.0,4.0,3.0,3.0,w2
1DDEB3A8A1,3.0,2.0,9.0,18.0,10.0,9.0,9.0,w2
CCB6C69D97,3.0,1.0,3.0,6.0,3.0,3.0,3.0,w2
42985FF9E1,3.0,1.0,4.0,9.0,5.0,4.0,4.0,w2
0904762E49,6.0,1.0,6.0,11.0,7.0,5.0,5.0,w2
9CBB25887A,7.0,0.0,10.0,20.0,10.0,10.0,10.0,w2
0776DEEAF7,1.0,0.0,1.0,2.0,4.0,-1.0,-1.0,w2
132B48716E,2.0,0.0,3.0,6.0,4.0,2.0,2.0,w2
62780B2F1A,3.0,2.0,1.0,3.0,3.0,-1.0,-1.0,w2
8F95D46C5A,1.0,0.0,3.0,6.0,6.0,0.0,0.0,w2
EFCCB82303,2.0,0.0,2.0,5.0,3.0,2.0,2.0,w2
0478DA1668,4.0,1.0,4.0,9.0,5.0,4.0,4.0,w2
88058B3549,3.0,1.0,3.0,7.0,4.0,3.0,3.0,w2
C8BED1BAF6,3.0,1.0,3.0,5.0,6.0,-0.0,-0.0,w2
AF43F1DFDC,4.0,0.0,7.0,14.0,8.0,6.0,6.0,w2
9C2F2F2F0D,4.0,0.0,4.0,9.0,5.0,4.0,4.0,w2
F694F62839,5.0,1.0,6.0,13.0,8.0,5.0,5.0,w2
3E99CEEB9B,4.0,0.0,4.0,7.0,4.0,3.0,3.0,w2
3B359F5FE7,3.0,1.0,2.0,5.0,3.0,2.0,2.0,w2
C880619CA5,6.0,0.0,7.0,14.0,7.0,6.0,6.0,w2
8ED2F6CA41,4.0,2.0,2.0,5.0,3.0,2.0,2.0,w2
2B67C9D7E0,2.0,0.0,3.0,5.0,7.0,-1.0,-1.0,w2
EC85FC6FF2,8.0,2.0,7.0,13.0,12.0,2.0,2.0,w2
79E0ADAC31,3.0,1.0,2.0,4.0,3.0,2.0,2.0,w2
C0125D28E7,4.0,2.0,2.0,5.0,4.0,1.0,1.0,w2
4C7ABAFA6B,5.0,1.0,6.0,11.0,8.0,3.0,3.0,w2
0CFFC45B4E,1.0,1.0,1.0,2.0,2.0,-0.0,-0.0,w2
1596AB07E1,3.0,0.0,5.0,9.0,7.0,2.0,2.0,w2
52A2863993,7.0,0.0,7.0,14.0,8.0,6.0,6.0,w2
DFFAC7D304,3.0,4.0,-1.0,-2.0,-1.0,-1.0,-1.0,w2
B95BF52680,6.0,1.0,7.0,14.0,7.0,6.0,6.0,w2
B7CD0F5A00,6.0,2.0,5.0,9.0,5.0,4.0,4.0,w2
CD00C5B5F3,1.0,0.0,4.0,8.0,5.0,3.0,3.0,w2
CBAEDC285A,6.0,0.0,7.0,14.0,7.0,7.0,7.0,w2
669BC754D9,5.0,1.0,6.0,12.0,6.0,6.0,6.0,w2
FE93441632,4.0,0.0,7.0,14.0,8.0,7.0,7.0,w2
9FD203AF8C,2.0,0.0,3.0,6.0,3.0,3.0,3.0,w2
136F630679,6.0,3.0,4.0,7.0,5.0,2.0,2.0,w2
ACB9A59F42,3.0,1.0,3.0,5.0,5.0,1.0,1.0,w2
60172730AB,2.0,2.0,2.0,4.0,3.0,2.0,2.0,w2
571488613E,6.0,0.0,6.0,12.0,7.0,5.0,5.0,w2
B4D74EBA67,3.0,1.0,2.0,4.0,2.0,2.0,2.0,w2
44BA208791,9.0,0.0,10.0,20.0,10.0,10.0,10.0,w2
D2782A8E35,5.0,1.0,5.0,11.0,7.0,4.0,4.0,w2
8ADB74CF43,4.0,1.0,3.0,7.0,3.0,3.0,3.0,w2
9528402820,9.0,2.0,7.0,14.0,7.0,7.0,7.0,w2
C27AB7D395,6.0,1.0,6.0,11.0,7.0,5.0,5.0,w2
6E2F70C4F0,2.0,2.0,0.0,1.0,1.0,0.0,0.0,w2
69F6881FFB,4.0,0.0,5.0,11.0,6.0,5.0,5.0,w2
492CA45719,3.0,1.0,3.0,6.0,5.0,1.0,2.0,w2
6B1134B532,2.0,1.0,2.0,3.0,3.0,0.0,0.0,w2
E39F6FCB9C,6.0,0.0,8.0,16.0,8.0,8.0,8.0,w2
4F219C2D94,3.0,1.0,2.0,5.0,3.0,2.0,2.0,w2
CB2BC78316,6.0,2.0,5.0,11.0,8.0,3.0,3.0,w2
D636988E71,4.0,2.0,2.0,4.0,4.0,1.0,1.0,w2
94A964BAD6,3.0,1.0,3.0,5.0,5.0,0.0,0.0,w2
B1C3C909B3,3.0,1.0,3.0,6.0,4.0,2.0,2.0,w2
AA74398232,2.0,0.0,3.0,5.0,3.0,3.0,3.0,w2
2F3D7846FF,5.0,1.0,7.0,14.0,10.0,4.0,4.0,w2
6BBA131C56,3.0,0.0,4.0,8.0,5.0,3.0,4.0,w2
112B3FBE3C,3.0,2.0,1.0,2.0,2.0,-0.0,0.0,w2
A0310EC24E,3.0,1.0,1.0,3.0,4.0,-1.0,-1.0,w2
B56E42BA23,4.0,0.0,5.0,9.0,6.0,4.0,4.0,w2
DBE81B643E,4.0,1.0,3.0,6.0,4.0,3.0,3.0,w2
CF39EE5B9A,6.0,0.0,6.0,13.0,8.0,5.0,5.0,w2
FA53755411,1.0,2.0,2.0,5.0,3.0,2.0,2.0,w2
8174B8DC03,10.0,0.0,10.0,21.0,14.0,7.0,7.0,w2
AA6C74E2EF,2.0,0.0,2.0,4.0,2.0,2.0,2.0,w2
5B1465DB29,3.0,2.0,2.0,4.0,4.0,-1.0,-1.0,w2
B703626A96,3.0,1.0,3.0,6.0,4.0,3.0,3.0,w2
0FD14B2B17,3.0,1.0,3.0,6.0,7.0,-1.0,-1.0,w2
41EA851EC9,1.0,0.0,1.0,2.0,3.0,-1.0,-1.0,w2
27BE5298E6,6.0,1.0,5.0,10.0,6.0,4.0,6.0,w2
1F894FF0CE,13.0,0.0,15.0,30.0,16.0,14.0,14.0,w2
5C4881009F,3.0,1.0,2.0,4.0,2.0,2.0,2.0,w2
C3FE57B2A8,4.0,1.0,3.0,6.0,4.0,2.0,2.0,w2
A42553883B,3.0,0.0,3.0,6.0,4.0,2.0,2.0,w2
A93999F8DA,3.0,0.0,5.0,9.0,6.0,3.0,3.0,w2
99452EBC59,2.0,1.0,1.0,2.0,2.0,0.0,0.0,w2
73169364F1,4.0,1.0,3.0,5.0,4.0,1.0,1.0,w2
F71064C05D,2.0,1.0,2.0,4.0,2.0,2.0,2.0,w2
1538EED5EF,3.0,1.0,4.0,7.0,4.0,3.0,3.0,w2
B53AB9C95E,2.0,0.0,3.0,6.0,4.0,2.0,2.0,w2
B197856866,4.0,0.0,5.0,10.0,7.0,3.0,3.0,w2
55FB43DC80,7.0,1.0,8.0,16.0,9.0,7.0,7.0,w2
790261246E,5.0,1.0,7.0,13.0,9.0,4.0,4.0,w2
C52FDA8D4D,5.0,1.0,5.0,10.0,5.0,4.0,5.0,w2
D3D9C9E8B0,5.0,0.0,6.0,12.0,7.0,5.0,5.0,w2
53DF75651F,3.0,0.0,3.0,7.0,4.0,3.0,3.0,w2
53BC8D8B3F,3.0,3.0,0.0,0.0,2.0,-2.0,-2.0,w2
783C6CCCB2,4.0,2.0,2.0,5.0,3.0,2.0,2.0,w2
4413C149A4,3.0,0.0,4.0,9.0,5.0,3.0,3.0,w2
A7F794A3E7,5.0,0.0,7.0,14.0,9.0,6.0,6.0,w2
190B4631C4,4.0,0.0,8.0,16.0,8.0,8.0,8.0,w2
2333432633,5.0,1.0,5.0,9.0,5.0,5.0,6.0,w2
270DE4DC69,2.0,1.0,2.0,3.0,2.0,1.0,1.0,w2
E2A86FEC12,4.0,0.0,4.0,9.0,6.0,3.0,5.0,w2
048B508FE2,2.0,4.0,-1.0,-1.0,-0.0,-1.0,-0.0,w2
C0299A2C3C,2.0,1.0,1.0,1.0,1.0,0.0,0.0,w2
468F2F1058,4.0,0.0,5.0,9.0,5.0,4.0,4.0,w2
C244EA57DA,2.0,3.0,1.0,3.0,2.0,1.0,1.0,w2
B9ACC0278B,4.0,1.0,5.0,9.0,6.0,3.0,3.0,w2
1B505F25CA,9.0,0.0,10.0,20.0,11.0,10.0,10.0,w2
2537D2AFB4,5.0,1.0,5.0,10.0,7.0,2.0,3.0,w2
672906E745,4.0,3.0,3.0,6.0,3.0,3.0,3.0,w2
BCC79079B1,6.0,0.0,6.0,11.0,7.0,4.0,4.0,w2
84F74D3C79,3.0,0.0,2.0,5.0,5.0,-0.0,-0.0,w2
6EEBD71E4B,4.0,2.0,3.0,6.0,3.0,3.0,3.0,w2
816B65EF27,3.0,1.0,3.0,7.0,6.0,1.0,1.0,w2
3375F5A69D,2.0,3.0,0.0,0.0,2.0,-1.0,-1.0,w2
C869BD924C,5.0,0.0,5.0,10.0,6.0,4.0,4.0,w2
2945E28A93,3.0,1.0,3.0,5.0,4.0,1.0,1.0,w2
42726A5625,3.0,2.0,1.0,2.0,2.0,0.0,0.0,w2
2019AF9A44,3.0,0.0,3.0,6.0,3.0,3.0,3.0,w2
BB2282A2D5,4.0,2.0,3.0,6.0,5.0,0.0,0.0,w2
011C77678D,3.0,0.0,3.0,7.0,5.0,2.0,2.0,w2
B227B6545B,5.0,0.0,6.0,12.0,8.0,3.0,3.0,w2
1CBCDAAB05,6.0,1.0,6.0,12.0,7.0,4.0,4.0,w2
0F736E0804,3.0,1.0,5.0,11.0,5.0,5.0,5.0,w2
41F908A627,6.0,1.0,6.0,11.0,6.0,5.0,5.0,w2
39B6524112,5.0,2.0,3.0,7.0,6.0,1.0,1.0,w2
A5821FB743,2.0,1.0,2.0,4.0,2.0,2.0,2.0,w2
A028208822,5.0,1.0,4.0,8.0,4.0,4.0,4.0,w2
978C61871E,2.0,1.0,3.0,5.0,5.0,-0.0,-0.0,w2
8E4F91B33E,2.0,2.0,1.0,1.0,1.0,-0.0,-0.0,w2
68DEFEDFB1,4.0,0.0,8.0,15.0,8.0,8.0,8.0,w2
AC4EF9FF20,5.0,0.0,7.0,13.0,8.0,5.0,6.0,w2
4C4ADF440A,2.0,1.0,0.0,1.0,1.0,-1.0,1.0,w2
54EB79FCA6,1.0,0.0,1.0,3.0,2.0,1.0,1.0,w2
98D824F1D7,3.0,1.0,3.0,5.0,3.0,2.0,2.0,w2
14056CBECA,10.0,1.0,11.0,23.0,17.0,6.0,6.0,w2
B8610803C5,3.0,0.0,4.0,8.0,5.0,3.0,3.0,w2
AB65EA5B67,3.0,2.0,1.0,3.0,2.0,1.0,1.0,w2
09CAAEAD6C,5.0,1.0,5.0,12.0,7.0,6.0,6.0,w2
04A4EC919F,2.0,1.0,4.0,7.0,6.0,1.0,1.0,w2
21589C082D,2.0,0.0,2.0,5.0,5.0,0.0,0.0,w2
0AF2014386,2.0,0.0,3.0,5.0,3.0,2.0,2.0,w2
CEF823845F,3.0,0.0,6.0,12.0,6.0,6.0,6.0,w2
0787E08C13,4.0,4.0,1.0,2.0,1.0,1.0,1.0,w2
ACB77B4629,3.0,0.0,5.0,11.0,5.0,5.0,5.0,w2
69B32A32D5,5.0,0.0,7.0,15.0,8.0,7.0,7.0,w2
4EDA89EEB5,1.0,0.0,2.0,4.0,2.0,2.0,2.0,w2
441E4E81A6,8.0,1.0,8.0,16.0,10.0,6.0,6.0,w2
E0D8A94CC9,7.0,1.0,10.0,19.0,10.0,9.0,9.0,w2
FC32F4BC91,2.0,2.0,1.0,2.0,2.0,-0.0,0.0,w2
AC97303DB1,9.0,0.0,10.0,19.0,11.0,8.0,8.0,w2
65353FDDC3,5.0,0.0,9.0,18.0,12.0,6.0,6.0,w2
D37917A1B5,6.0,1.0,5.0,10.0,5.0,5.0,5.0,w2
E80AA5AA6D,6.0,1.0,5.0,11.0,6.0,5.0,5.0,w2
64C045D5CD,4.0,0.0,4.0,7.0,4.0,3.0,3.0,w2
52AE0D8850,2.0,2.0,1.0,3.0,3.0,0.0,0.0,w2
651794BA90,2.0,1.0,2.0,3.0,2.0,1.0,1.0,w2
5A874C638B,3.0,2.0,1.0,2.0,1.0,1.0,1.0,w2
8B5085C3FE,4.0,0.0,3.0,7.0,4.0,3.0,4.0,w2
116DFF7626,2.0,0.0,5.0,9.0,5.0,4.0,4.0,w2
637BA82FDF,1.0,1.0,2.0,5.0,4.0,1.0,1.0,w2
55D8723F58,2.0,1.0,1.0,3.0,3.0,-0.0,-0.0,w2
77F26B8E73,5.0,1.0,4.0,8.0,4.0,4.0,4.0,w2
25FAC0D6E9,5.0,0.0,5.0,11.0,9.0,2.0,2.0,w2
58F99A9C5A,3.0,0.0,5.0,11.0,6.0,4.0,5.0,w2
374873E04A,4.0,2.0,2.0,4.0,3.0,2.0,2.0,w2
5ABF29A33E,5.0,1.0,4.0,7.0,5.0,3.0,3.0,w2
CC6A132095,2.0,1.0,2.0,6.0,4.0,2.0,2.0,w2
9D503059F0,4.0,2.0,2.0,4.0,2.0,2.0,2.0,w2
0B22FA242B,5.0,0.0,6.0,11.0,7.0,4.0,4.0,w2
6255692C8E,3.0,2.0,3.0,6.0,6.0,1.0,1.0,w2
5F05C85F2C,4.0,1.0,4.0,9.0,5.0,4.0,4.0,w2
DF054DCFF5,1.0,1.0,1.0,2.0,2.0,0.0,0.0,w2
5E14DF2D7F,6.0,4.0,2.0,4.0,2.0,2.0,2.0,w2
9CA1435472,6.0,3.0,4.0,7.0,5.0,2.0,2.0,w2
054C4B820C,5.0,0.0,5.0,10.0,6.0,5.0,5.0,w2
FC99BCB162,2.0,0.0,2.0,4.0,3.0,1.0,1.0,w2
A314832242,2.0,0.0,3.0,5.0,3.0,2.0,2.0,w2
C95328BB50,4.0,1.0,4.0,8.0,5.0,2.0,3.0,w2
EDDED20DDE,2.0,1.0,2.0,4.0,4.0,0.0,0.0,w2
6121CEDEB9,3.0,2.0,2.0,4.0,2.0,1.0,1.0,w2
D824684A7F,5.0,0.0,6.0,13.0,8.0,5.0,5.0,w2
044E55E3C5,3.0,1.0,4.0,7.0,4.0,3.0,3.0,w2
BC9AF63685,3.0,0.0,4.0,7.0,4.0,3.0,4.0,w2
FBD6ED9A8A,4.0,2.0,3.0,6.0,4.0,3.0,3.0,w2
553EA76D31,2.0,0.0,2.0,5.0,3.0,2.0,3.0,w2
E527B35938,3.0,0.0,3.0,6.0,3.0,3.0,3.0,w2
C915669A40,3.0,0.0,4.0,9.0,7.0,1.0,2.0,w2
1FFFFA7FA3,4.0,1.0,3.0,7.0,4.0,3.0,3.0,w2
AB17BF07DA,4.0,1.0,6.0,13.0,7.0,6.0,7.0,w2
9D050D406F,7.0,0.0,7.0,14.0,7.0,7.0,7.0,w2
68C850B7AF,5.0,2.0,5.0,10.0,7.0,3.0,3.0,w2
3ABA4165DB,2.0,2.0,1.0,3.0,2.0,1.0,1.0,w2
088CFE766F,8.0,0.0,10.0,19.0,11.0,8.0,8.0,w2
48D713CA02,7.0,1.0,8.0,16.0,8.0,8.0,8.0,w2
D2348CA0D1,5.0,1.0,5.0,10.0,7.0,3.0,3.0,w2
E27481030A,5.0,1.0,5.0,12.0,7.0,5.0,5.0,w2
564373B702,3.0,0.0,3.0,6.0,4.0,1.0,1.0,w2
EBF11E7822,8.0,1.0,7.0,14.0,8.0,6.0,7.0,w2
EAB09C082F,3.0,1.0,5.0,10.0,6.0,4.0,4.0,w2
D57441764E,2.0,2.0,3.0,5.0,5.0,-0.0,-0.0,w2
FD76ABC898,6.0,0.0,6.0,12.0,6.0,6.0,6.0,w2
42DAE4F180,2.0,1.0,3.0,6.0,5.0,1.0,1.0,w2
91AED5DC0F,4.0,2.0,2.0,3.0,2.0,1.0,1.0,w2
0CFFE3325B,4.0,1.0,4.0,8.0,5.0,3.0,3.0,w2
B06F98164A,3.0,1.0,2.0,5.0,5.0,1.0,1.0,w2
DE3B577589,4.0,1.0,5.0,10.0,6.0,4.0,4.0,w2
BBB55176FA,4.0,0.0,5.0,11.0,6.0,5.0,5.0,w2
71270B3D0C,4.0,2.0,2.0,4.0,2.0,2.0,2.0,w2
8AB67F96E1,5.0,1.0,5.0,11.0,5.0,5.0,5.0,w2
396005E3E3,10.0,2.0,12.0,25.0,13.0,11.0,11.0,w2
2DA080331D,1.0,3.0,3.0,7.0,4.0,3.0,3.0,w2
F5AB0EAE49,2.0,1.0,2.0,3.0,2.0,1.0,1.0,w2
1476128234,1.0,2.0,-1.0,-2.0,-0.0,-2.0,-2.0,w2
6B7AD78FBC,2.0,0.0,2.0,4.0,4.0,-0.0,-0.0,w2
EADA929C37,1.0,1.0,1.0,2.0,3.0,-1.0,0.0,w2
0232648F01,2.0,0.0,3.0,5.0,3.0,2.0,2.0,w2
87EDFB5D92,7.0,1.0,8.0,15.0,10.0,5.0,5.0,w2
274D80893E,7.0,4.0,3.0,6.0,8.0,-2.0,-2.0,w2
7ABB57EBB1,2.0,0.0,2.0,4.0,3.0,1.0,1.0,w2
D4FE925B04,1.0,0.0,3.0,5.0,3.0,2.0,2.0,w2
188D55E39E,3.0,1.0,2.0,5.0,4.0,1.0,1.0,w2
782EB7FC60,5.0,1.0,4.0,9.0,6.0,4.0,4.0,w2
729BBC6ACB,2.0,0.0,2.0,3.0,5.0,-1.0,-0.0,w2
B3EEF81EFA,2.0,1.0,1.0,2.0,2.0,0.0,0.0,w2
C564794126,6.0,0.0,6.0,12.0,7.0,5.0,5.0,w2
C36E1AE46F,4.0,2.0,4.0,8.0,4.0,4.0,4.0,w2
53EEA16279,3.0,0.0,3.0,6.0,3.0,3.0,3.0,w2
E1B7E5C251,3.0,0.0,3.0,6.0,4.0,3.0,3.0,w2
F6154CC73C,4.0,0.0,6.0,12.0,6.0,6.0,6.0,w2
AE20D68E40,6.0,2.0,4.0,9.0,5.0,3.0,3.0,w2
F8428652A8,7.0,1.0,7.0,14.0,8.0,6.0,6.0,w2
A9BB172B7F,4.0,0.0,4.0,7.0,4.0,3.0,3.0,w2
E6D1FC4564,1.0,1.0,3.0,6.0,3.0,3.0,3.0,w2
5FFDAEFACA,4.0,0.0,4.0,7.0,7.0,0.0,0.0,w2
4593053FE0,4.0,4.0,1.0,1.0,1.0,1.0,1.0,w2
CB87717B6E,3.0,1.0,3.0,6.0,3.0,3.0,3.0,w2
428787BBC1,3.0,0.0,5.0,9.0,7.0,2.0,2.0,w2
634DADA15C,4.0,3.0,4.0,8.0,4.0,4.0,4.0,w2
E7215D7556,4.0,0.0,4.0,9.0,6.0,3.0,3.0,w2
177DA1E6C0,5.0,1.0,4.0,8.0,4.0,4.0,4.0,w2
FB5F649461,2.0,1.0,2.0,3.0,3.0,0.0,0.0,w2
B3AFEB30CF,6.0,0.0,6.0,12.0,7.0,6.0,7.0,w2
656A5B9D13,2.0,0.0,2.0,4.0,2.0,2.0,2.0,w2
B6CEFCF596,2.0,3.0,-1.0,-2.0,-0.0,-1.0,-1.0,w2
B68680F155,7.0,1.0,7.0,14.0,8.0,7.0,7.0,w2
AE8729D089,3.0,3.0,0.0,1.0,0.0,0.0,2.0,w2
4F6EA75213,3.0,0.0,4.0,8.0,4.0,3.0,3.0,w2
DE7B481DD9,5.0,3.0,2.0,4.0,3.0,1.0,2.0,w2
1D45717412,3.0,1.0,3.0,5.0,3.0,3.0,3.0,w2
BF36A0183E,7.0,1.0,7.0,14.0,7.0,7.0,7.0,w2
44BAA26F64,2.0,1.0,1.0,2.0,1.0,1.0,1.0,w2
EEDDE5294C,3.0,1.0,3.0,6.0,7.0,-1.0,-1.0,w2
44C5475066,4.0,0.0,5.0,11.0,6.0,5.0,5.0,w2
2D23D98D4A,3.0,2.0,3.0,5.0,4.0,1.0,1.0,w2
D03D1565B9,4.0,0.0,4.0,9.0,5.0,4.0,4.0,w2
E611EF6654,5.0,0.0,5.0,11.0,9.0,2.0,2.0,w2
E626CDCACC,3.0,1.0,3.0,5.0,4.0,1.0,1.0,w2
D385F1972F,3.0,0.0,4.0,8.0,5.0,3.0,3.0,w2
6F37C1BDEF,6.0,1.0,6.0,11.0,6.0,6.0,6.0,w2
69ABB07B87,11.0,0.0,12.0,24.0,13.0,11.0,11.0,w2
FE1A259426,3.0,1.0,4.0,8.0,4.0,3.0,3.0,w2
7E3BDDAF79,5.0,1.0,5.0,10.0,5.0,5.0,5.0,w2
F0C90E6A74,2.0,2.0,2.0,3.0,2.0,1.0,1.0,w2
C76E823C65,2.0,1.0,0.0,1.0,1.0,-0.0,-0.0,w2
78A0B7412A,3.0,1.0,2.0,5.0,3.0,1.0,1.0,w2
E13A9C15E4,2.0,1.0,2.0,3.0,2.0,1.0,1.0,w2
5BA4CBCFCA,4.0,1.0,4.0,8.0,8.0,-0.0,-0.0,w2
65BCC7741F,3.0,0.0,3.0,6.0,5.0,1.0,1.0,w2
1E68643090,2.0,1.0,2.0,3.0,2.0,1.0,2.0,w2
259C1835E0,3.0,0.0,3.0,5.0,5.0,0.0,1.0,w2
A08B481564,3.0,0.0,5.0,10.0,6.0,4.0,4.0,w2
2E8676842F,2.0,0.0,2.0,4.0,3.0,2.0,2.0,w2
A2E78DC581,3.0,0.0,3.0,7.0,5.0,2.0,2.0,w2
23B113E5DA,9.0,0.0,10.0,22.0,13.0,8.0,8.0,w2
FF6C7F9206,1.0,1.0,1.0,2.0,2.0,0.0,0.0,w2
DE7078569E,1.0,1.0,1.0,1.0,1.0,1.0,1.0,w2
2E2B992B50,3.0,1.0,4.0,9.0,6.0,3.0,3.0,w2
3F129F01CC,3.0,1.0,3.0,6.0,3.0,3.0,3.0,w2
14326673FA,6.0,1.0,5.0,11.0,6.0,5.0,5.0,w2
0B815EEA34,4.0,0.0,5.0,11.0,11.0,0.0,1.0,w2
935D60E3B1,4.0,2.0,3.0,6.0,3.0,3.0,3.0,w2
66E29DB7DB,3.0,2.0,5.0,10.0,5.0,5.0,5.0,w2
BF9CC53630,3.0,0.0,4.0,8.0,5.0,3.0,5.0,w2
6EBDE40656,1.0,2.0,-0.0,-1.0,0.0,-1.0,-1.0,w2
E5FD7C314B,5.0,0.0,5.0,10.0,5.0,5.0,5.0,w2
9CB0C49B60,5.0,1.0,4.0,8.0,5.0,3.0,3.0,w2
303BE0BDCB,3.0,0.0,3.0,5.0,3.0,3.0,3.0,w2
2A80939B96,2.0,0.0,2.0,5.0,3.0,2.0,2.0,w2
82A623436A,2.0,2.0,-0.0,-0.0,1.0,-1.0,-0.0,w2
B5A490B09B,5.0,1.0,8.0,16.0,8.0,7.0,7.0,w2
8EA5A117EA,6.0,2.0,5.0,10.0,6.0,4.0,4.0,w2
4593516C6D,2.0,1.0,2.0,5.0,5.0,-1.0,-1.0,w2
35F67E674D,4.0,1.0,4.0,7.0,5.0,2.0,2.0,w2
97EA55F21C,2.0,1.0,2.0,5.0,3.0,2.0,2.0,w2
4C7C6F91E6,4.0,4.0,1.0,2.0,1.0,1.0,1.0,w2
26B89FF8A6,5.0,1.0,4.0,9.0,4.0,4.0,4.0,w2
EE3A525D1D,1.0,0.0,2.0,4.0,3.0,0.0,0.0,w2
177F32D0B1,10.0,0.0,13.0,25.0,13.0,13.0,13.0,w2
E7D486F137,2.0,0.0,2.0,4.0,3.0,1.0,2.0,w2
A42EA0CBE9,3.0,1.0,2.0,3.0,2.0,2.0,2.0,w2
A061B58D31,2.0,0.0,5.0,11.0,7.0,4.0,4.0,w2
7501F5D6E1,1.0,0.0,1.0,1.0,7.0,-6.0,-6.0,w2
C66BDB155B,3.0,3.0,-0.0,0.0,3.0,-3.0,-3.0,w2
38B8F885B2,3.0,1.0,3.0,5.0,3.0,2.0,2.0,w2
2E102C14AD,9.0,0.0,10.0,22.0,13.0,8.0,8.0,w2
524838C5EE,7.0,1.0,7.0,14.0,8.0,6.0,6.0,w2
ED61C5FE49,7.0,2.0,5.0,11.0,5.0,5.0,5.0,w2
D4894A2911,4.0,1.0,4.0,9.0,5.0,4.0,4.0,w2
6B881CD3EC,6.0,3.0,4.0,9.0,5.0,4.0,4.0,w2
4B7B49CAD1,3.0,2.0,1.0,3.0,2.0,1.0,1.0,w2
4991C1D1D4,3.0,0.0,4.0,7.0,5.0,2.0,2.0,w2
0D15364261,4.0,0.0,3.0,7.0,4.0,3.0,3.0,w2
44F365D4CD,3.0,0.0,3.0,7.0,4.0,3.0,3.0,w2
2A82979D89,6.0,0.0,7.0,14.0,7.0,6.0,6.0,w2
93DDAC950A,1.0,1.0,1.0,2.0,1.0,1.0,1.0,w2
F46E7E959D,1.0,1.0,1.0,2.0,3.0,-1.0,-1.0,w2
988B0C855F,2.0,0.0,3.0,6.0,4.0,2.0,2.0,w2
C944DC2563,2.0,1.0,3.0,7.0,4.0,3.0,3.0,w2
4166AD7250,1.0,1.0,2.0,3.0,3.0,0.0,0.0,w2
647A159BB7,4.0,1.0,3.0,6.0,4.0,2.0,3.0,w2
DF03DD37CD,2.0,0.0,2.0,5.0,2.0,2.0,2.0,w2
C2A10B47BA,2.0,1.0,1.0,2.0,3.0,-1.0,-1.0,w2
4CD61D1AF4,2.0,1.0,3.0,6.0,4.0,2.0,2.0,w2
0E022E8AB4,4.0,2.0,5.0,10.0,5.0,4.0,4.0,w2
545CE07D00,1.0,0.0,2.0,5.0,3.0,2.0,2.0,w2
6AC38EE680,6.0,1.0,7.0,15.0,9.0,7.0,7.0,w2
18D57D0F47,1.0,0.0,1.0,2.0,2.0,-0.0,0.0,w2
A0F0E3FB0E,3.0,1.0,2.0,5.0,3.0,2.0,2.0,w2
0C902FEA23,3.0,6.0,-1.0,-2.0,-1.0,-2.0,-2.0,w2
CF67DA300B,2.0,1.0,2.0,4.0,3.0,1.0,1.0,w2
B77CEA839C,3.0,1.0,3.0,7.0,4.0,3.0,3.0,w2
1E075C6633,2.0,0.0,2.0,3.0,2.0,1.0,1.0,w2
00162D07D3,1.0,0.0,1.0,3.0,4.0,-1.0,-1.0,w2
861ECF57CE,4.0,0.0,5.0,11.0,6.0,5.0,5.0,w2
359F6B81B8,4.0,1.0,3.0,6.0,3.0,3.0,3.0,w2
16262EDA39,2.0,2.0,1.0,1.0,1.0,0.0,0.0,w2
A46BC84814,2.0,1.0,1.0,2.0,1.0,1.0,1.0,w2
DA01E2D703,3.0,0.0,5.0,10.0,5.0,5.0,5.0,w2
F8D0430101,1.0,3.0,-2.0,-4.0,-2.0,-2.0,-2.0,w2
7A2F0756D3,3.0,1.0,2.0,3.0,2.0,1.0,1.0,w2
7C1084E45D,2.0,1.0,2.0,4.0,3.0,2.0,3.0,w2
963C425546,3.0,1.0,3.0,6.0,3.0,3.0,3.0,w2
A69E19A47A,3.0,1.0,5.0,10.0,6.0,4.0,4.0,w2
6D55A536FB,3.0,4.0,-1.0,-1.0,-0.0,-1.0,-1.0,w2
E1075E4FB2,1.0,1.0,0.0,1.0,1.0,0.0,1.0,w2
A43883CD13,5.0,2.0,4.0,7.0,5.0,2.0,2.0,w2
4CF51D2744,3.0,1.0,2.0,4.0,4.0,1.0,1.0,w2
881EB6058C,2.0,2.0,1.0,2.0,3.0,-1.0,-1.0,w2
D64F602C41,4.0,1.0,4.0,7.0,6.0,1.0,3.0,w2
837B7C8EB9,11.0,1.0,12.0,23.0,14.0,10.0,10.0,w2
BD4BDAFDEB,3.0,0.0,5.0,10.0,6.0,5.0,5.0,w2
94992DF27F,5.0,0.0,4.0,9.0,5.0,4.0,4.0,w2
0BA30C6DA7,3.0,3.0,2.0,4.0,2.0,2.0,2.0,w2
9B2CB1E77F,4.0,1.0,5.0,11.0,6.0,4.0,4.0,w2
29D33E780E,5.0,0.0,5.0,9.0,6.0,3.0,3.0,w2
DA29F8E4FD,5.0,1.0,4.0,8.0,5.0,3.0,3.0,w2
B5A9345FA5,5.0,1.0,5.0,10.0,5.0,5.0,5.0,w2
7D6FFA6554,7.0,2.0,8.0,16.0,8.0,8.0,8.0,w2
00F1BCDDA9,3.0,2.0,2.0,5.0,2.0,2.0,2.0,w2
67DC6A9268,5.0,2.0,3.0,5.0,4.0,2.0,2.0,w2
B73D3945E5,5.0,1.0,4.0,9.0,5.0,4.0,4.0,w2
7B8B18C961,4.0,1.0,6.0,12.0,7.0,5.0,5.0,w2
5AD72ADDB2,5.0,1.0,4.0,8.0,5.0,3.0,3.0,w2
6B298255B6,8.0,0.0,8.0,16.0,9.0,6.0,6.0,w2
26277946C2,2.0,1.0,3.0,6.0,4.0,2.0,2.0,w2
B353D60346,4.0,0.0,4.0,10.0,6.0,4.0,4.0,w2
44C7054828,4.0,1.0,4.0,8.0,4.0,4.0,6.0,w2
B2490CDFD6,4.0,3.0,1.0,3.0,4.0,-2.0,-2.0,w2
DB03C4E923,3.0,1.0,2.0,4.0,6.0,-2.0,-1.0,w2
A496C12F4F,2.0,0.0,2.0,4.0,6.0,-1.0,-1.0,w2
84B6CE67CA,8.0,1.0,7.0,14.0,7.0,7.0,7.0,w2
1248661FBF,2.0,0.0,2.0,4.0,4.0,0.0,0.0,w2
21DC312718,2.0,0.0,3.0,6.0,3.0,3.0,3.0,w2
AA9BABEAFA,3.0,2.0,3.0,6.0,4.0,2.0,2.0,w2
1FA179F39E,4.0,1.0,4.0,7.0,4.0,3.0,3.0,w2
3583C1C884,4.0,2.0,3.0,5.0,3.0,2.0,2.0,w2
DE446BFF81,3.0,3.0,1.0,1.0,1.0,1.0,1.0,w2
043D7C2ED8,6.0,0.0,6.0,13.0,10.0,3.0,3.0,w2
80AE832EBD,4.0,2.0,4.0,8.0,5.0,3.0,3.0,w2
959A468362,5.0,0.0,5.0,10.0,7.0,3.0,4.0,w2
F78276C3F0,5.0,1.0,5.0,9.0,6.0,3.0,3.0,w2
7126265C9E,2.0,0.0,2.0,4.0,4.0,-0.0,-0.0,w2
1CD7277AFB,1.0,1.0,1.0,2.0,1.0,1.0,1.0,w2
523B11F068,3.0,4.0,-1.0,-2.0,0.0,-2.0,-2.0,w2
7E88F3481D,5.0,4.0,1.0,3.0,1.0,1.0,1.0,w2
60B9716818,4.0,0.0,4.0,7.0,4.0,3.0,3.0,w2
F40638E590,6.0,0.0,7.0,13.0,7.0,6.0,6.0,w2
452527D978,5.0,2.0,4.0,7.0,4.0,3.0,3.0,w2
ABBD0D9D7B,5.0,0.0,5.0,10.0,7.0,3.0,3.0,w2
62535EDCEA,7.0,0.0,8.0,17.0,9.0,8.0,8.0,w2
149F277102,2.0,1.0,2.0,5.0,3.0,2.0,2.0,w2
AAA3BCFF53,2.0,0.0,2.0,5.0,3.0,2.0,2.0,w2
92ADD78162,2.0,1.0,2.0,3.0,4.0,-1.0,-1.0,w2
4C72FC48AF,2.0,0.0,2.0,4.0,8.0,-4.0,-4.0,w2
9D46E0AACB,6.0,1.0,8.0,16.0,10.0,6.0,6.0,w2
71A062FB99,6.0,2.0,5.0,9.0,5.0,5.0,5.0,w2
A72A32856F,2.0,0.0,4.0,8.0,4.0,4.0,4.0,w2
4D737D9CF0,3.0,0.0,4.0,8.0,5.0,2.0,2.0,w2
7B3D4F98BD,4.0,1.0,3.0,7.0,4.0,3.0,3.0,w2
74D4B86695,3.0,0.0,3.0,6.0,3.0,3.0,3.0,w2
4F85619ECD,2.0,1.0,1.0,5.0,4.0,0.0,0.0,w2
4C67683040,2.0,0.0,3.0,6.0,3.0,3.0,3.0,w2
4A152301F5,4.0,1.0,5.0,11.0,6.0,5.0,6.0,w2
3FED190FF8,6.0,0.0,7.0,13.0,8.0,6.0,6.0,w2
3D61765D2F,2.0,0.0,3.0,6.0,4.0,2.0,2.0,w2
68D09F159B,4.0,2.0,2.0,5.0,3.0,2.0,2.0,w2
D531B4EDBE,6.0,1.0,7.0,14.0,8.0,6.0,6.0,w2
A8DEAE9422,3.0,0.0,4.0,8.0,4.0,4.0,4.0,w2
6312B4EBDA,4.0,1.0,4.0,8.0,5.0,3.0,3.0,w2
603F07B96F,2.0,4.0,-0.0,-1.0,0.0,-1.0,-1.0,w2
BAC4D07DA3,4.0,0.0,4.0,8.0,6.0,3.0,3.0,w2
E4A37C115F,2.0,1.0,3.0,6.0,5.0,2.0,2.0,w2
7A74ACCF05,5.0,0.0,5.0,10.0,6.0,5.0,5.0,w2
D47FE09D04,5.0,1.0,5.0,11.0,7.0,4.0,4.0,w2
940E3A32BD,4.0,1.0,4.0,8.0,4.0,4.0,4.0,w2
9988DB2442,2.0,2.0,1.0,2.0,2.0,1.0,1.0,w2
CE8E1924DB,2.0,0.0,1.0,3.0,4.0,-1.0,-1.0,w2
A485C8F2BC,3.0,1.0,4.0,7.0,4.0,3.0,3.0,w2
7B4B97E95C,3.0,0.0,4.0,8.0,4.0,4.0,4.0,w2
120033A8D1,5.0,0.0,5.0,10.0,6.0,4.0,4.0,w2
41C8AB7283,3.0,0.0,4.0,7.0,4.0,3.0,4.0,w2
BAA56E2102,3.0,0.0,5.0,10.0,6.0,4.0,4.0,w2
26B1AEDA1C,1.0,2.0,-0.0,-0.0,2.0,-3.0,-3.0,w2
EF6A7276C9,3.0,0.0,3.0,7.0,4.0,2.0,3.0,w2
6781308507,2.0,1.0,3.0,6.0,4.0,2.0,2.0,w2
BACFDD4540,4.0,1.0,4.0,8.0,7.0,1.0,1.0,w2
89C1D55EC3,6.0,0.0,6.0,11.0,6.0,5.0,5.0,w2
263C2580EB,3.0,1.0,2.0,5.0,4.0,1.0,1.0,w2
0FDDA877C7,2.0,0.0,3.0,6.0,3.0,3.0,3.0,w2
CC9AD2EDEF,4.0,1.0,4.0,7.0,4.0,3.0,3.0,w2
64594FB3F5,4.0,0.0,5.0,9.0,6.0,3.0,3.0,w2
6854D08C17,5.0,1.0,5.0,9.0,5.0,5.0,5.0,w2
8489A37E4C,6.0,3.0,3.0,5.0,3.0,2.0,2.0,w2
DFC646C6F6,4.0,1.0,3.0,6.0,3.0,3.0,3.0,w2
86A81BA45E,7.0,3.0,5.0,10.0,8.0,2.0,2.0,w2
9D60CE56CF,2.0,0.0,1.0,3.0,4.0,-1.0,-1.0,w2
F8ED0310C0,8.0,0.0,9.0,18.0,9.0,9.0,9.0,w2
C570F06B43,2.0,0.0,3.0,6.0,3.0,3.0,3.0,w2
A9D08B5160,3.0,1.0,2.0,5.0,3.0,2.0,2.0,w2
652C631C75,5.0,0.0,6.0,13.0,7.0,6.0,6.0,w2
DA9FBDD3F4,2.0,1.0,2.0,4.0,5.0,-1.0,-1.0,w2
BA05A9619D,3.0,0.0,4.0,8.0,5.0,3.0,3.0,w2
2477A202B9,4.0,0.0,4.0,8.0,5.0,3.0,3.0,w2
B596FFEA6F,3.0,0.0,5.0,11.0,6.0,5.0,5.0,w2
E02B19DF10,3.0,4.0,-1.0,-1.0,-0.0,-1.0,-1.0,w2
988E0A1C1F,2.0,1.0,6.0,12.0,7.0,5.0,5.0,w2
148B412DD8,4.0,0.0,5.0,11.0,7.0,5.0,5.0,w2
3D5273E9C4,2.0,1.0,1.0,3.0,2.0,1.0,1.0,w2
874AE706A6,5.0,0.0,7.0,14.0,7.0,7.0,7.0,w2
C23D701824,3.0,1.0,3.0,6.0,5.0,1.0,1.0,w2
7EAB2DE9D9,6.0,1.0,6.0,12.0,6.0,5.0,5.0,w2
0E1F55E719,2.0,0.0,4.0,7.0,5.0,2.0,2.0,w2
AB40BAB038,0.0,0.0,1.0,3.0,2.0,1.0,1.0,w2
4E61C17621,6.0,1.0,5.0,9.0,5.0,4.0,4.0,w2
BDC3463FF8,5.0,1.0,4.0,7.0,5.0,2.0,2.0,w2
E8506E04CD,3.0,1.0,3.0,5.0,3.0,2.0,2.0,w2
5D5ABFB2F5,3.0,0.0,4.0,9.0,6.0,3.0,3.0,w2
AD92508FE5,3.0,1.0,2.0,4.0,3.0,1.0,1.0,w2
C2D95723DD,9.0,1.0,12.0,26.0,13.0,13.0,13.0,w2
1DF542B559,1.0,0.0,3.0,5.0,4.0,2.0,2.0,w2
9E20AC6DA1,5.0,0.0,5.0,11.0,6.0,5.0,5.0,w2
15546D44E3,8.0,1.0,8.0,16.0,8.0,8.0,8.0,w2
6E3E23D672,6.0,4.0,2.0,4.0,4.0,-0.0,0.0,w2
AB583CD806,4.0,0.0,5.0,9.0,5.0,4.0,4.0,w2
8D810B167D,3.0,2.0,1.0,1.0,2.0,-0.0,-0.0,w2
DEC346607E,3.0,0.0,4.0,8.0,4.0,4.0,4.0,w2
C65A118C3A,3.0,1.0,2.0,5.0,3.0,2.0,2.0,w2
9128CBBE85,5.0,2.0,5.0,11.0,7.0,4.0,4.0,w2
E1ADCD1CD5,6.0,0.0,8.0,16.0,9.0,7.0,7.0,w2
7B82FEEB3E,3.0,0.0,3.0,6.0,3.0,3.0,3.0,w2
4DFF3D2807,4.0,2.0,4.0,8.0,4.0,4.0,4.0,w2
36EAEE1F14,3.0,2.0,1.0,1.0,1.0,-0.0,-0.0,w2
4F52116771,4.0,3.0,1.0,1.0,1.0,-0.0,-0.0,w2
97F101A5AD,4.0,1.0,4.0,9.0,6.0,2.0,2.0,w2
9237627050,5.0,1.0,5.0,10.0,6.0,5.0,5.0,w2
6278BAB962,9.0,1.0,10.0,20.0,10.0,9.0,9.0,w2
A8BE40E9BB,2.0,1.0,2.0,3.0,3.0,1.0,1.0,w2
9DBF7F1422,6.0,1.0,7.0,13.0,8.0,6.0,6.0,w2
9350F676EF,2.0,4.0,-2.0,-4.0,-2.0,-2.0,-2.0,w2
ACF229A4D8,3.0,2.0,2.0,4.0,3.0,1.0,1.0,w2
1A8C3899D5,1.0,0.0,2.0,3.0,3.0,0.0,1.0,w2
76B9E975AC,4.0,2.0,3.0,6.0,4.0,2.0,2.0,w2
21209B1A57,3.0,0.0,4.0,8.0,5.0,3.0,3.0,w2
77B2C70499,4.0,0.0,4.0,8.0,5.0,3.0,3.0,w2
976577FC93,3.0,3.0,1.0,2.0,2.0,0.0,0.0,w2
31F4334892,6.0,2.0,4.0,8.0,5.0,3.0,5.0,w2
A827415C19,3.0,0.0,5.0,10.0,6.0,4.0,4.0,w2
FD4907C413,3.0,1.0,3.0,7.0,4.0,3.0,3.0,w2
244396F298,8.0,0.0,8.0,16.0,11.0,4.0,4.0,w2
39D53D7406,3.0,0.0,4.0,9.0,7.0,1.0,2.0,w2
97FE880D6A,7.0,2.0,8.0,16.0,9.0,7.0,7.0,w2
D31A01206D,2.0,1.0,2.0,4.0,2.0,2.0,2.0,w2
811C94C925,4.0,1.0,3.0,7.0,4.0,3.0,3.0,w2
52034C63B6,5.0,1.0,4.0,8.0,7.0,1.0,1.0,w2
906ECBA515,3.0,3.0,0.0,0.0,1.0,-1.0,-1.0,w2
1AE0D8E726,1.0,0.0,4.0,8.0,6.0,2.0,2.0,w2
6681CE5961,5.0,1.0,5.0,10.0,6.0,5.0,5.0,w2
532014E14C,3.0,0.0,3.0,7.0,4.0,3.0,3.0,w2
C0CB99B6E2,3.0,0.0,4.0,8.0,4.0,4.0,4.0,w2
769FD291ED,4.0,0.0,4.0,8.0,5.0,3.0,3.0,w2
B3CD3C8B25,3.0,1.0,2.0,4.0,4.0,1.0,1.0,w2
8CBA472F1F,4.0,0.0,5.0,9.0,6.0,3.0,3.0,w2
39B47B3EA4,2.0,0.0,3.0,6.0,4.0,2.0,2.0,w2
712C745088,1.0,1.0,1.0,3.0,2.0,1.0,1.0,w2
BDDFD44E14,3.0,2.0,2.0,3.0,3.0,1.0,1.0,w2
E215B12B4A,2.0,0.0,2.0,4.0,3.0,1.0,1.0,w2
27183B58E8,13.0,1.0,12.0,24.0,15.0,9.0,10.0,w2
E424FEA9AB,2.0,0.0,2.0,4.0,3.0,2.0,2.0,w2
307A8E7627,2.0,1.0,3.0,6.0,4.0,2.0,2.0,w2
9E9850C69E,3.0,0.0,4.0,8.0,5.0,4.0,4.0,w2
32F6AB4568,8.0,0.0,8.0,17.0,10.0,7.0,7.0,w2
C60EC715B7,5.0,1.0,4.0,9.0,6.0,3.0,4.0,w2
55810E2B4E,6.0,1.0,6.0,13.0,8.0,5.0,5.0,w2
0701245AC2,3.0,2.0,2.0,5.0,4.0,1.0,1.0,w2
56E9997D99,4.0,7.0,-1.0,-2.0,-1.0,-1.0,-1.0,w2
F991C8EC73,1.0,0.0,2.0,3.0,2.0,1.0,1.0,w2
241FCC2CED,3.0,1.0,3.0,7.0,4.0,3.0,3.0,w2
D4C9833D8D,6.0,1.0,5.0,11.0,6.0,5.0,5.0,w2
24D14F1F19,8.0,0.0,8.0,16.0,10.0,6.0,6.0,w2
F4D201679E,6.0,0.0,8.0,16.0,13.0,3.0,3.0,w2
9E7DFAB2E3,2.0,1.0,2.0,3.0,2.0,2.0,2.0,w2
E5EA15B446,3.0,1.0,3.0,6.0,4.0,2.0,2.0,w2
AF8CBDCB9B,3.0,1.0,2.0,5.0,3.0,2.0,2.0,w2
594283A9BB,6.0,0.0,7.0,13.0,7.0,6.0,6.0,w2
E7F2DCAF68,4.0,2.0,3.0,7.0,4.0,3.0,3.0,w2
D0DA20054A,6.0,0.0,6.0,12.0,6.0,6.0,6.0,w2
DCC2A7355A,2.0,0.0,3.0,6.0,4.0,3.0,3.0,w2
A737303954,2.0,3.0,-0.0,-0.0,2.0,-2.0,-2.0,w2
2158183CE7,3.0,1.0,2.0,4.0,3.0,1.0,1.0,w2
E9CFB375FD,7.0,1.0,7.0,14.0,9.0,5.0,5.0,w2
D3F7832960,6.0,1.0,5.0,11.0,6.0,5.0,5.0,w2
8DC9FA2002,10.0,0.0,10.0,20.0,14.0,6.0,6.0,w2
9E08725AA6,5.0,1.0,5.0,11.0,7.0,3.0,3.0,w2
283C1293F1,3.0,0.0,3.0,7.0,4.0,3.0,3.0,w2
E206686A84,2.0,3.0,-0.0,-0.0,0.0,-1.0,-1.0,w2
ED580396B5,2.0,2.0,1.0,1.0,1.0,0.0,0.0,w2
E85E0CD777,10.0,0.0,11.0,23.0,13.0,10.0,10.0,w2
0A62FA24F7,3.0,1.0,3.0,6.0,4.0,3.0,3.0,w2
9270107A62,2.0,1.0,2.0,4.0,4.0,-0.0,-0.0,w2
5FAC58E685,2.0,2.0,1.0,2.0,2.0,-0.0,-0.0,w2
FC65620122,8.0,1.0,8.0,17.0,11.0,6.0,6.0,w2
0CBC8B9947,4.0,1.0,3.0,7.0,3.0,3.0,3.0,w2
660FDB029F,2.0,1.0,2.0,3.0,2.0,1.0,1.0,w2
EE258CFC0F,7.0,1.0,7.0,14.0,12.0,3.0,3.0,w2
E5A1AF5EC8,2.0,1.0,1.0,3.0,2.0,1.0,1.0,w2
6F42C4D442,9.0,1.0,9.0,17.0,11.0,6.0,6.0,w2
EC15EA3ACE,8.0,3.0,5.0,11.0,5.0,5.0,5.0,w2
20BF385E20,2.0,1.0,3.0,6.0,4.0,2.0,2.0,w2
2CC50B5034,4.0,0.0,4.0,7.0,4.0,3.0,3.0,w2
1797A8E49D,5.0,1.0,4.0,9.0,6.0,3.0,3.0,w2
CF5B07442E,4.0,0.0,5.0,10.0,6.0,4.0,4.0,w2
901288954B,3.0,0.0,2.0,5.0,3.0,2.0,2.0,w2
FC4D49D2DE,6.0,1.0,6.0,12.0,6.0,6.0,6.0,w2
AFBE6704AC,6.0,2.0,8.0,17.0,11.0,6.0,6.0,w2
245F75F29D,2.0,0.0,1.0,3.0,2.0,1.0,1.0,w2
14C38081AB,4.0,2.0,3.0,6.0,3.0,3.0,3.0,w2
3BF79DA605,4.0,0.0,6.0,13.0,7.0,6.0,6.0,w2
EC8AD8A349,3.0,2.0,1.0,3.0,1.0,1.0,1.0,w2
F4D44AE0D4,5.0,0.0,5.0,9.0,7.0,2.0,2.0,w2
F2C38D5125,2.0,0.0,3.0,5.0,4.0,2.0,2.0,w2
21D13887ED,3.0,0.0,3.0,7.0,4.0,3.0,3.0,w2
F1B3C4360E,4.0,1.0,3.0,7.0,4.0,3.0,3.0,w2
1CA270B7D3,7.0,1.0,8.0,16.0,11.0,5.0,5.0,w2
1063650E43,4.0,0.0,5.0,9.0,6.0,3.0,3.0,w2
B6148962FD,3.0,0.0,3.0,7.0,4.0,3.0,3.0,w2
69A7E924A1,8.0,1.0,8.0,17.0,10.0,7.0,7.0,w2
929AF4C06D,7.0,4.0,3.0,7.0,6.0,1.0,2.0,w2
3B8824E29C,5.0,2.0,4.0,8.0,5.0,3.0,4.0,w2
31C97823EE,3.0,2.0,3.0,7.0,5.0,2.0,2.0,w2
61D89D11B2,2.0,1.0,1.0,3.0,2.0,0.0,0.0,w2
DC80DFBA0A,5.0,0.0,6.0,11.0,8.0,3.0,3.0,w2
F5B536801D,3.0,1.0,3.0,6.0,6.0,1.0,1.0,w2
07A6787103,4.0,0.0,4.0,9.0,5.0,4.0,4.0,w2
591C9C19E8,3.0,1.0,3.0,6.0,5.0,1.0,2.0,w2
701D20B466,3.0,0.0,3.0,6.0,4.0,2.0,2.0,w2
E0FF28B28E,2.0,0.0,4.0,8.0,6.0,2.0,2.0,w2
EB286AB372,5.0,2.0,4.0,8.0,6.0,3.0,3.0,w2
C26787DB2A,6.0,1.0,6.0,13.0,6.0,6.0,6.0,w2
C7D7EFDDFD,4.0,1.0,7.0,14.0,9.0,5.0,5.0,w2
F8A70DD8C1,4.0,0.0,8.0,17.0,10.0,6.0,7.0,w2
0285C81ADC,2.0,1.0,1.0,3.0,1.0,1.0,1.0,w2
FA518D9F72,7.0,2.0,6.0,11.0,6.0,5.0,5.0,w2
000C570B56,7.0,1.0,6.0,12.0,8.0,4.0,4.0,w2
8F0AE8B03C,11.0,0.0,11.0,22.0,11.0,11.0,11.0,w2
CCC4F6737A,5.0,1.0,4.0,9.0,9.0,0.0,0.0,w2
74F1EE77DC,7.0,0.0,8.0,16.0,8.0,8.0,8.0,w2
F99C4D11B0,4.0,0.0,5.0,12.0,6.0,6.0,6.0,w2
E85E5D5799,2.0,0.0,3.0,6.0,3.0,3.0,3.0,w2
42488F7231,7.0,2.0,5.0,11.0,7.0,4.0,4.0,w2
BEA97CE4F4,1.0,0.0,1.0,3.0,3.0,0.0,1.0,w2
653FA3902D,4.0,3.0,2.0,5.0,3.0,2.0,2.0,w2
1E11FA0CC9,3.0,2.0,2.0,5.0,3.0,3.0,3.0,w2
E3FAA9F0AC,1.0,1.0,1.0,1.0,2.0,-1.0,-1.0,w2
73B37AD99B,4.0,1.0,4.0,8.0,5.0,3.0,3.0,w2
A7107030B6,6.0,0.0,6.0,12.0,6.0,5.0,5.0,w2
27BEA222FD,3.0,0.0,4.0,9.0,5.0,4.0,4.0,w2
1274D0C250,6.0,3.0,4.0,8.0,5.0,3.0,3.0,w2
0940EF93AC,2.0,2.0,0.0,1.0,1.0,-0.0,-0.0,w2
6A79D9793D,4.0,1.0,5.0,9.0,5.0,4.0,4.0,w2
73CE71080C,7.0,0.0,9.0,18.0,11.0,7.0,7.0,w2
385958101B,6.0,1.0,11.0,23.0,12.0,10.0,10.0,w2
F3C445CDE8,2.0,0.0,2.0,4.0,3.0,0.0,0.0,w2
E4E9089B13,6.0,2.0,5.0,9.0,5.0,4.0,4.0,w2
4CAE58F99E,3.0,0.0,4.0,7.0,5.0,2.0,2.0,w2
F490926209,4.0,0.0,5.0,11.0,7.0,3.0,3.0,w2
5BE6348FBF,4.0,3.0,2.0,4.0,2.0,2.0,2.0,w2
8883C02656,4.0,1.0,4.0,8.0,5.0,3.0,3.0,w2
1E83A2C8D3,3.0,0.0,3.0,5.0,6.0,-0.0,-0.0,w2
37C836141A,3.0,0.0,4.0,8.0,6.0,2.0,2.0,w2
07EC15BF72,5.0,0.0,5.0,11.0,6.0,5.0,5.0,w2
FF653164C0,2.0,1.0,3.0,5.0,3.0,2.0,2.0,w2
B0A025A015,6.0,1.0,8.0,16.0,9.0,7.0,7.0,w2
125DABEDBA,3.0,2.0,2.0,4.0,2.0,2.0,2.0,w2
AE44CDBE65,3.0,2.0,2.0,5.0,3.0,2.0,2.0,w2
5949A1B461,4.0,1.0,3.0,7.0,4.0,3.0,3.0,w2
7A088069E4,7.0,1.0,7.0,14.0,7.0,7.0,7.0,w2
8C769E9C86,2.0,1.0,3.0,7.0,4.0,3.0,3.0,w2
0C92B16A59,2.0,0.0,2.0,4.0,2.0,1.0,2.0,w2
60842FA09D,5.0,2.0,4.0,8.0,4.0,4.0,4.0,w2
951F7B30C7,3.0,0.0,4.0,9.0,5.0,4.0,4.0,w2
7D85A6F2E4,4.0,0.0,4.0,8.0,5.0,2.0,2.0,w2
5F1E32F5CA,5.0,0.0,5.0,11.0,6.0,5.0,5.0,w2
F98938306D,4.0,1.0,4.0,10.0,5.0,5.0,5.0,w2
9B45846C8E,1.0,1.0,0.0,0.0,0.0,0.0,0.0,w2
DCB7F2001A,4.0,1.0,3.0,7.0,4.0,3.0,4.0,w2
D6A0A37D06,4.0,1.0,4.0,8.0,4.0,4.0,4.0,w2
DFFB12D4F7,3.0,0.0,4.0,8.0,4.0,4.0,4.0,w2
0956204E7F,5.0,0.0,5.0,10.0,6.0,5.0,5.0,w2
D0DB0D26D9,2.0,1.0,3.0,5.0,4.0,1.0,1.0,w2
DFD301E8B2,1.0,0.0,2.0,4.0,2.0,2.0,2.0,w2
46FED2A1B4,4.0,1.0,4.0,8.0,5.0,3.0,3.0,w2
2715EC98AA,5.0,1.0,5.0,9.0,8.0,2.0,2.0,w2
C3F235F5E6,3.0,0.0,3.0,6.0,8.0,-2.0,-2.0,w2
932457DD67,1.0,0.0,2.0,5.0,3.0,2.0,2.0,w2
F86FBB8371,4.0,0.0,5.0,9.0,5.0,4.0,4.0,w2
D39630FFB1,2.0,2.0,1.0,1.0,1.0,1.0,1.0,w2
B24AEE6D7E,2.0,1.0,1.0,2.0,1.0,1.0,1.0,w2
BCD7AF2284,2.0,1.0,3.0,7.0,7.0,0.0,0.0,w2
CF18658858,3.0,0.0,4.0,8.0,4.0,4.0,4.0,w2
7EB9C3A43F,1.0,2.0,-1.0,-1.0,-0.0,-0.0,-0.0,w2
7C3D5EAF52,4.0,0.0,4.0,9.0,5.0,4.0,4.0,w2
FC8CA53DDB,2.0,1.0,2.0,4.0,3.0,1.0,1.0,w2
E0E0F721CF,2.0,0.0,3.0,6.0,6.0,-0.0,-0.0,w2
597DC74885,4.0,1.0,3.0,7.0,4.0,3.0,3.0,w2
EFD4CCE03E,2.0,2.0,1.0,2.0,1.0,1.0,1.0,w2
DDF74B6BFA,6.0,1.0,6.0,12.0,11.0,2.0,2.0,w2
C556DD2291,3.0,0.0,5.0,9.0,6.0,3.0,3.0,w2
99113A30A0,8.0,1.0,8.0,16.0,8.0,7.0,7.0,w2
280DDC7F85,8.0,0.0,8.0,17.0,9.0,8.0,8.0,w2
8118CD34D3,7.0,0.0,8.0,16.0,9.0,7.0,9.0,w2
E744F8FAC5,1.0,1.0,-0.0,-0.0,0.0,-0.0,-0.0,w2
98E989FBBC,4.0,1.0,3.0,6.0,4.0,3.0,3.0,w2
7F3C127E07,3.0,1.0,4.0,9.0,5.0,4.0,4.0,w2
